{'conv_num_filters': 42, 'conv_filter_width': [1, 2, 3], 'pool_window_width': 4, 'fully_connected_dim': [18], 'pool_strategy': 'max-and-avg', 'locally_connected_width': [1], 'locally_connected_dim': 4, 'dropout_rate': 0.09609333594701755, 'l2_factor': 2.0434934487146695e-09, 'max_num_epochs': 1000}	0.3125139
{'conv_num_filters': 11, 'conv_filter_width': [2], 'pool_window_width': 2, 'fully_connected_dim': [30], 'pool_strategy': 'max-and-avg', 'locally_connected_width': [2], 'locally_connected_dim': 3, 'dropout_rate': 0.23495513769920634, 'l2_factor': 3.79664576208946e-09, 'max_num_epochs': 1000}	0.19076718
{'conv_num_filters': 89, 'conv_filter_width': [2], 'pool_window_width': 4, 'fully_connected_dim': [38], 'pool_strategy': 'max-and-avg', 'locally_connected_width': [2], 'locally_connected_dim': 2, 'dropout_rate': 0.40081043171026276, 'l2_factor': 3.955037696581759e-06, 'max_num_epochs': 1000}	0.3074061
{'conv_num_filters': 99, 'conv_filter_width': [4], 'pool_window_width': 1, 'fully_connected_dim': [23], 'pool_strategy': 'max', 'locally_connected_width': [1], 'locally_connected_dim': 2, 'dropout_rate': 0.7261961817895481, 'l2_factor': 0.000435592498130986, 'max_num_epochs': 1000}	0.18743587
{'conv_num_filters': 68, 'conv_filter_width': [1, 2], 'pool_window_width': 2, 'fully_connected_dim': [11], 'pool_strategy': 'max', 'locally_connected_width': None, 'locally_connected_dim': 1, 'dropout_rate': 0.6709549976278855, 'l2_factor': 2.5944369554185944e-06, 'max_num_epochs': 1000}	0.40473518
{'conv_num_filters': 26, 'conv_filter_width': [1, 2, 3], 'pool_window_width': 2, 'fully_connected_dim': [13, 14], 'pool_strategy': 'max', 'locally_connected_width': [2], 'locally_connected_dim': 1, 'dropout_rate': 0.2366367232545472, 'l2_factor': 7.624667037641722e-08, 'max_num_epochs': 1000}	0.20666347
{'conv_num_filters': 81, 'conv_filter_width': [1], 'pool_window_width': 3, 'fully_connected_dim': [26], 'pool_strategy': 'max', 'locally_connected_width': [1, 2], 'locally_connected_dim': 2, 'dropout_rate': 0.025628483389379286, 'l2_factor': 0.011287514165788352, 'max_num_epochs': 1000}	0.21082105
{'conv_num_filters': 30, 'conv_filter_width': [3], 'pool_window_width': 4, 'fully_connected_dim': [33], 'pool_strategy': 'max', 'locally_connected_width': [1, 2], 'locally_connected_dim': 4, 'dropout_rate': 0.07741950493323152, 'l2_factor': 0.002035946646454842, 'max_num_epochs': 1000}	0.27005455
{'conv_num_filters': 27, 'conv_filter_width': [1, 2, 4], 'pool_window_width': 2, 'fully_connected_dim': [49, 33], 'pool_strategy': 'max', 'locally_connected_width': [1, 2], 'locally_connected_dim': 2, 'dropout_rate': 0.09752142908870826, 'l2_factor': 1.9782886452007225e-07, 'max_num_epochs': 1000}	0.23428322
{'conv_num_filters': 28, 'conv_filter_width': [1, 2, 3], 'pool_window_width': 4, 'fully_connected_dim': [33, 35], 'pool_strategy': 'max', 'locally_connected_width': [1], 'locally_connected_dim': 4, 'dropout_rate': 0.11004643117935761, 'l2_factor': 8.976881375870972e-08, 'max_num_epochs': 1000}	0.29469454
{'conv_num_filters': 79, 'conv_filter_width': [1, 2, 4], 'pool_window_width': 3, 'fully_connected_dim': [42], 'pool_strategy': 'max', 'locally_connected_width': [1, 2], 'locally_connected_dim': 1, 'dropout_rate': 0.40008636795388147, 'l2_factor': 5.844159975725552e-06, 'max_num_epochs': 1000}	0.23954588
{'conv_num_filters': 5, 'conv_filter_width': [1, 2, 4], 'pool_window_width': 1, 'fully_connected_dim': [23, 16], 'pool_strategy': 'max', 'locally_connected_width': [2], 'locally_connected_dim': 1, 'dropout_rate': 0.10497458939378582, 'l2_factor': 0.00015780154882985708, 'max_num_epochs': 1000}	0.15717375
{'conv_num_filters': 7, 'conv_filter_width': [3], 'pool_window_width': 1, 'fully_connected_dim': [31, 21], 'pool_strategy': 'avg', 'locally_connected_width': [1, 2], 'locally_connected_dim': 4, 'dropout_rate': 0.40559114220072345, 'l2_factor': 0.0007452311490948125, 'max_num_epochs': 1000}	0.11780522
{'conv_num_filters': 35, 'conv_filter_width': [1, 2, 4], 'pool_window_width': 1, 'fully_connected_dim': [17, 14], 'pool_strategy': 'avg', 'locally_connected_width': [1], 'locally_connected_dim': 2, 'dropout_rate': 0.2608243948091299, 'l2_factor': 3.2511046064803194e-06, 'max_num_epochs': 1000}	0.13846718
{'conv_num_filters': 87, 'conv_filter_width': [2], 'pool_window_width': 1, 'fully_connected_dim': [20, 33], 'pool_strategy': 'max-and-avg', 'locally_connected_width': None, 'locally_connected_dim': 1, 'dropout_rate': 0.46775415529170666, 'l2_factor': 1.41355236806864e-07, 'max_num_epochs': 1000}	0.23327051
{'conv_num_filters': 25, 'conv_filter_width': [3], 'pool_window_width': 1, 'fully_connected_dim': [11], 'pool_strategy': 'max', 'locally_connected_width': [1], 'locally_connected_dim': 3, 'dropout_rate': 0.6610063722255083, 'l2_factor': 0.003228753195562173, 'max_num_epochs': 1000}	0.18406224
{'conv_num_filters': 29, 'conv_filter_width': [2], 'pool_window_width': 3, 'fully_connected_dim': [43, 12], 'pool_strategy': 'max-and-avg', 'locally_connected_width': [2], 'locally_connected_dim': 1, 'dropout_rate': 0.5902136058518063, 'l2_factor': 2.454260665933078e-06, 'max_num_epochs': 1000}	0.3191071
{'conv_num_filters': 87, 'conv_filter_width': [1, 2, 3, 4], 'pool_window_width': 3, 'fully_connected_dim': [12], 'pool_strategy': 'avg', 'locally_connected_width': [1, 2], 'locally_connected_dim': 4, 'dropout_rate': 0.5786962485332758, 'l2_factor': 3.869866059341332e-07, 'max_num_epochs': 1000}	0.26717645
{'conv_num_filters': 59, 'conv_filter_width': [1, 2, 4], 'pool_window_width': 4, 'fully_connected_dim': [27, 30], 'pool_strategy': 'max-and-avg', 'locally_connected_width': [2], 'locally_connected_dim': 3, 'dropout_rate': 0.39529357669320697, 'l2_factor': 1.3290846800540162e-06, 'max_num_epochs': 1000}	0.2840599
{'conv_num_filters': 58, 'conv_filter_width': [2], 'pool_window_width': 1, 'fully_connected_dim': [42], 'pool_strategy': 'avg', 'locally_connected_width': [2], 'locally_connected_dim': 4, 'dropout_rate': 0.697077925307821, 'l2_factor': 0.0003858249506968192, 'max_num_epochs': 1000}	0.14710657
{'conv_num_filters': 94, 'conv_filter_width': [1, 2, 3, 4], 'pool_window_width': 2, 'fully_connected_dim': [42, 29], 'pool_strategy': 'max', 'locally_connected_width': None, 'locally_connected_dim': 2, 'dropout_rate': 0.5570736225653186, 'l2_factor': 2.7734404243658853e-06, 'max_num_epochs': 1000}	0.44841364
{'conv_num_filters': 11, 'conv_filter_width': [3], 'pool_window_width': 2, 'fully_connected_dim': [25], 'pool_strategy': 'avg', 'locally_connected_width': [1], 'locally_connected_dim': 1, 'dropout_rate': 0.03697818356486832, 'l2_factor': 6.408407700763422e-09, 'max_num_epochs': 1000}	0.292639
{'conv_num_filters': 71, 'conv_filter_width': [3], 'pool_window_width': 4, 'fully_connected_dim': [15, 46], 'pool_strategy': 'max', 'locally_connected_width': [1], 'locally_connected_dim': 2, 'dropout_rate': 0.08052397721432047, 'l2_factor': 5.181980246955891e-08, 'max_num_epochs': 1000}	0.35095254
{'conv_num_filters': 52, 'conv_filter_width': [4], 'pool_window_width': 2, 'fully_connected_dim': [24], 'pool_strategy': 'max-and-avg', 'locally_connected_width': None, 'locally_connected_dim': 2, 'dropout_rate': 0.20873912865765382, 'l2_factor': 6.912016509398547e-06, 'max_num_epochs': 1000}	0.31692013
{'conv_num_filters': 33, 'conv_filter_width': [4], 'pool_window_width': 3, 'fully_connected_dim': [13, 12], 'pool_strategy': 'avg', 'locally_connected_width': [2], 'locally_connected_dim': 3, 'dropout_rate': 0.42077266444178246, 'l2_factor': 0.00018861219146980036, 'max_num_epochs': 1000}	0.31792763
{'conv_num_filters': 89, 'conv_filter_width': [3], 'pool_window_width': 4, 'fully_connected_dim': [42], 'pool_strategy': 'max-and-avg', 'locally_connected_width': [2], 'locally_connected_dim': 2, 'dropout_rate': 0.41718017549281416, 'l2_factor': 3.129252006821104e-07, 'max_num_epochs': 1000}	0.31417227
{'conv_num_filters': 87, 'conv_filter_width': [1], 'pool_window_width': 4, 'fully_connected_dim': [40], 'pool_strategy': 'max-and-avg', 'locally_connected_width': [1, 2], 'locally_connected_dim': 3, 'dropout_rate': 0.7028927433000051, 'l2_factor': 7.98715684722932e-07, 'max_num_epochs': 1000}	0.27322546
{'conv_num_filters': 69, 'conv_filter_width': [2], 'pool_window_width': 1, 'fully_connected_dim': [34, 30], 'pool_strategy': 'max-and-avg', 'locally_connected_width': None, 'locally_connected_dim': 1, 'dropout_rate': 0.2059838634168351, 'l2_factor': 1.024737468048223e-05, 'max_num_epochs': 1000}	0.25293595
{'conv_num_filters': 96, 'conv_filter_width': [2], 'pool_window_width': 3, 'fully_connected_dim': [29, 36], 'pool_strategy': 'max', 'locally_connected_width': [2], 'locally_connected_dim': 4, 'dropout_rate': 0.43601919545494333, 'l2_factor': 5.063373757600917e-06, 'max_num_epochs': 1000}	0.28128508
{'conv_num_filters': 37, 'conv_filter_width': [1, 2, 4], 'pool_window_width': 4, 'fully_connected_dim': [34, 29], 'pool_strategy': 'max', 'locally_connected_width': [1], 'locally_connected_dim': 2, 'dropout_rate': 0.48834041917708965, 'l2_factor': 1.9048515202783908e-09, 'max_num_epochs': 1000}	0.24682957
{'conv_num_filters': 52, 'conv_filter_width': [4], 'pool_window_width': 4, 'fully_connected_dim': [25, 33], 'pool_strategy': 'max-and-avg', 'locally_connected_width': [2], 'locally_connected_dim': 1, 'dropout_rate': 0.39886983850197577, 'l2_factor': 3.3782271059173946e-09, 'max_num_epochs': 1000}	0.36168885
{'conv_num_filters': 83, 'conv_filter_width': [1], 'pool_window_width': 2, 'fully_connected_dim': [45, 27], 'pool_strategy': 'max-and-avg', 'locally_connected_width': None, 'locally_connected_dim': 1, 'dropout_rate': 0.2775631484355797, 'l2_factor': 7.748543532151903e-06, 'max_num_epochs': 1000}	0.40924695
{'conv_num_filters': 46, 'conv_filter_width': [1, 2], 'pool_window_width': 3, 'fully_connected_dim': [16, 35], 'pool_strategy': 'avg', 'locally_connected_width': None, 'locally_connected_dim': 3, 'dropout_rate': 0.049902361015586205, 'l2_factor': 0.0003236118771070502, 'max_num_epochs': 1000}	0.37192288
{'conv_num_filters': 59, 'conv_filter_width': [1, 2], 'pool_window_width': 1, 'fully_connected_dim': [26], 'pool_strategy': 'max', 'locally_connected_width': [1, 2], 'locally_connected_dim': 4, 'dropout_rate': 0.693605977799513, 'l2_factor': 2.7194835815536963e-07, 'max_num_epochs': 1000}	0.19778083
{'conv_num_filters': 97, 'conv_filter_width': [2], 'pool_window_width': 4, 'fully_connected_dim': [20, 14], 'pool_strategy': 'max', 'locally_connected_width': [2], 'locally_connected_dim': 4, 'dropout_rate': 0.5526085993711791, 'l2_factor': 7.60108820932563e-05, 'max_num_epochs': 1000}	0.23206389
{'conv_num_filters': 61, 'conv_filter_width': [2], 'pool_window_width': 1, 'fully_connected_dim': [25], 'pool_strategy': 'avg', 'locally_connected_width': [1], 'locally_connected_dim': 4, 'dropout_rate': 0.7126320894353098, 'l2_factor': 6.830576751878431e-08, 'max_num_epochs': 1000}	0.15052025
{'conv_num_filters': 82, 'conv_filter_width': [4], 'pool_window_width': 4, 'fully_connected_dim': [30, 31], 'pool_strategy': 'max-and-avg', 'locally_connected_width': [2], 'locally_connected_dim': 3, 'dropout_rate': 0.1252136953415935, 'l2_factor': 4.973861358657183e-06, 'max_num_epochs': 1000}	0.3006435
{'conv_num_filters': 59, 'conv_filter_width': [1], 'pool_window_width': 1, 'fully_connected_dim': [36], 'pool_strategy': 'max-and-avg', 'locally_connected_width': [1, 2], 'locally_connected_dim': 1, 'dropout_rate': 0.13046675001034827, 'l2_factor': 7.560531494051255e-07, 'max_num_epochs': 1000}	0.2027076
{'conv_num_filters': 44, 'conv_filter_width': [2], 'pool_window_width': 2, 'fully_connected_dim': [22, 48], 'pool_strategy': 'max-and-avg', 'locally_connected_width': None, 'locally_connected_dim': 4, 'dropout_rate': 0.3446589630915049, 'l2_factor': 3.818726885344664e-06, 'max_num_epochs': 1000}	0.3310237
{'conv_num_filters': 31, 'conv_filter_width': [2], 'pool_window_width': 1, 'fully_connected_dim': [19, 35], 'pool_strategy': 'max', 'locally_connected_width': None, 'locally_connected_dim': 4, 'dropout_rate': 0.6071180190949366, 'l2_factor': 2.307317095417113e-05, 'max_num_epochs': 1000}	0.24535269
{'conv_num_filters': 87, 'conv_filter_width': [4], 'pool_window_width': 4, 'fully_connected_dim': [42], 'pool_strategy': 'avg', 'locally_connected_width': [1, 2], 'locally_connected_dim': 3, 'dropout_rate': 0.6722101879054605, 'l2_factor': 4.270757311466378e-06, 'max_num_epochs': 1000}	0.30834314
{'conv_num_filters': 44, 'conv_filter_width': [1, 2, 4], 'pool_window_width': 3, 'fully_connected_dim': [16, 23], 'pool_strategy': 'avg', 'locally_connected_width': [1], 'locally_connected_dim': 1, 'dropout_rate': 0.011649956663126793, 'l2_factor': 6.901430151056861e-05, 'max_num_epochs': 1000}	0.28769633
{'conv_num_filters': 71, 'conv_filter_width': [1, 2, 3, 4], 'pool_window_width': 3, 'fully_connected_dim': [41], 'pool_strategy': 'max', 'locally_connected_width': [2], 'locally_connected_dim': 2, 'dropout_rate': 0.17645124844958276, 'l2_factor': 1.5537706893583095e-05, 'max_num_epochs': 1000}	0.23521984
{'conv_num_filters': 98, 'conv_filter_width': [1, 2, 3], 'pool_window_width': 1, 'fully_connected_dim': [28], 'pool_strategy': 'max-and-avg', 'locally_connected_width': [1, 2], 'locally_connected_dim': 3, 'dropout_rate': 0.04043195405531472, 'l2_factor': 0.004793838319164918, 'max_num_epochs': 1000}	0.16123445
{'conv_num_filters': 41, 'conv_filter_width': [3], 'pool_window_width': 1, 'fully_connected_dim': [40], 'pool_strategy': 'max', 'locally_connected_width': [2], 'locally_connected_dim': 4, 'dropout_rate': 0.4326779712014013, 'l2_factor': 3.1536059587775304e-05, 'max_num_epochs': 1000}	0.17800836
{'conv_num_filters': 7, 'conv_filter_width': [4], 'pool_window_width': 2, 'fully_connected_dim': [46, 26], 'pool_strategy': 'avg', 'locally_connected_width': None, 'locally_connected_dim': 4, 'dropout_rate': 0.31303709723843, 'l2_factor': 5.020600698900185e-05, 'max_num_epochs': 1000}	0.28722557
{'conv_num_filters': 7, 'conv_filter_width': [1, 2, 4], 'pool_window_width': 4, 'fully_connected_dim': [46, 46], 'pool_strategy': 'max', 'locally_connected_width': [1], 'locally_connected_dim': 1, 'dropout_rate': 0.027352277683553333, 'l2_factor': 1.481316447278582e-05, 'max_num_epochs': 1000}	0.3093221
{'conv_num_filters': 94, 'conv_filter_width': [1, 2, 3], 'pool_window_width': 4, 'fully_connected_dim': [47], 'pool_strategy': 'avg', 'locally_connected_width': [1, 2], 'locally_connected_dim': 3, 'dropout_rate': 0.2865770640236379, 'l2_factor': 1.1604049921825094e-05, 'max_num_epochs': 1000}	0.29748163
{'conv_num_filters': 83, 'conv_filter_width': [4], 'pool_window_width': 4, 'fully_connected_dim': [36], 'pool_strategy': 'max', 'locally_connected_width': None, 'locally_connected_dim': 1, 'dropout_rate': 0.4664395259402261, 'l2_factor': 4.791196781034725e-05, 'max_num_epochs': 1000}	0.26117507
{'conv_num_filters': 16, 'conv_filter_width': [1, 2], 'pool_window_width': 3, 'fully_connected_dim': [42], 'pool_strategy': 'avg', 'locally_connected_width': [1, 2], 'locally_connected_dim': 3, 'dropout_rate': 0.023967168554654056, 'l2_factor': 4.54098454453623e-06, 'max_num_epochs': 1000}	0.23123108
{'conv_num_filters': 80, 'conv_filter_width': [1], 'pool_window_width': 4, 'fully_connected_dim': [42, 37], 'pool_strategy': 'avg', 'locally_connected_width': [2], 'locally_connected_dim': 2, 'dropout_rate': 0.22410017170886284, 'l2_factor': 0.001733894497923701, 'max_num_epochs': 1000}	0.28486028
{'conv_num_filters': 41, 'conv_filter_width': [1, 2], 'pool_window_width': 3, 'fully_connected_dim': [38, 47], 'pool_strategy': 'avg', 'locally_connected_width': [1, 2], 'locally_connected_dim': 1, 'dropout_rate': 0.3328559907388905, 'l2_factor': 1.1634237862630206e-05, 'max_num_epochs': 1000}	0.22872622
{'conv_num_filters': 99, 'conv_filter_width': [3], 'pool_window_width': 2, 'fully_connected_dim': [17], 'pool_strategy': 'max-and-avg', 'locally_connected_width': None, 'locally_connected_dim': 2, 'dropout_rate': 0.4772179577585831, 'l2_factor': 0.00025205145679673227, 'max_num_epochs': 1000}	0.3204697
{'conv_num_filters': 19, 'conv_filter_width': [1, 2], 'pool_window_width': 1, 'fully_connected_dim': [18], 'pool_strategy': 'max-and-avg', 'locally_connected_width': None, 'locally_connected_dim': 1, 'dropout_rate': 0.6488172293172869, 'l2_factor': 0.0008477030357290758, 'max_num_epochs': 1000}	0.28584734
{'conv_num_filters': 28, 'conv_filter_width': [3], 'pool_window_width': 3, 'fully_connected_dim': [10], 'pool_strategy': 'max', 'locally_connected_width': [2], 'locally_connected_dim': 4, 'dropout_rate': 0.12072857761170658, 'l2_factor': 1.7154028212391965e-10, 'max_num_epochs': 1000}	0.327511
{'conv_num_filters': 80, 'conv_filter_width': [1, 2, 3], 'pool_window_width': 2, 'fully_connected_dim': [15, 32], 'pool_strategy': 'max', 'locally_connected_width': None, 'locally_connected_dim': 1, 'dropout_rate': 0.3503139834317469, 'l2_factor': 6.52044404883242e-07, 'max_num_epochs': 1000}	0.39513525
{'conv_num_filters': 83, 'conv_filter_width': [2], 'pool_window_width': 4, 'fully_connected_dim': [27], 'pool_strategy': 'avg', 'locally_connected_width': None, 'locally_connected_dim': 3, 'dropout_rate': 0.24996323173075352, 'l2_factor': 6.236415256795587e-06, 'max_num_epochs': 1000}	0.36332318
{'conv_num_filters': 82, 'conv_filter_width': [3], 'pool_window_width': 1, 'fully_connected_dim': [34], 'pool_strategy': 'max', 'locally_connected_width': [1, 2], 'locally_connected_dim': 3, 'dropout_rate': 0.46251380036642714, 'l2_factor': 1.6108770519003376e-06, 'max_num_epochs': 1000}	0.20414984
{'conv_num_filters': 73, 'conv_filter_width': [4], 'pool_window_width': 4, 'fully_connected_dim': [22], 'pool_strategy': 'avg', 'locally_connected_width': [2], 'locally_connected_dim': 3, 'dropout_rate': 0.59278014196348, 'l2_factor': 2.4954089792423044e-07, 'max_num_epochs': 1000}	0.30741236
{'conv_num_filters': 79, 'conv_filter_width': [1, 2, 4], 'pool_window_width': 1, 'fully_connected_dim': [40], 'pool_strategy': 'max', 'locally_connected_width': [2], 'locally_connected_dim': 4, 'dropout_rate': 0.7410485115918954, 'l2_factor': 3.0018247939635813e-07, 'max_num_epochs': 1000}	0.18308036
{'conv_num_filters': 65, 'conv_filter_width': [3], 'pool_window_width': 4, 'fully_connected_dim': [41], 'pool_strategy': 'max-and-avg', 'locally_connected_width': [1, 2], 'locally_connected_dim': 4, 'dropout_rate': 0.016747820993854634, 'l2_factor': 0.00032722271676631205, 'max_num_epochs': 1000}	0.31245717
{'conv_num_filters': 24, 'conv_filter_width': [1], 'pool_window_width': 2, 'fully_connected_dim': [14, 49], 'pool_strategy': 'max', 'locally_connected_width': [2], 'locally_connected_dim': 1, 'dropout_rate': 0.71235449351522, 'l2_factor': 9.448954086869935e-07, 'max_num_epochs': 1000}	0.48589373
{'conv_num_filters': 39, 'conv_filter_width': [4], 'pool_window_width': 3, 'fully_connected_dim': [28], 'pool_strategy': 'max-and-avg', 'locally_connected_width': None, 'locally_connected_dim': 3, 'dropout_rate': 0.035488674331294295, 'l2_factor': 0.0006524500750877867, 'max_num_epochs': 1000}	0.29239514
{'conv_num_filters': 10, 'conv_filter_width': [1, 2, 4], 'pool_window_width': 3, 'fully_connected_dim': [37], 'pool_strategy': 'avg', 'locally_connected_width': None, 'locally_connected_dim': 2, 'dropout_rate': 0.577679050916235, 'l2_factor': 0.000342046183170588, 'max_num_epochs': 1000}	0.34323
{'conv_num_filters': 74, 'conv_filter_width': [1, 2], 'pool_window_width': 2, 'fully_connected_dim': [24, 47], 'pool_strategy': 'max', 'locally_connected_width': [2], 'locally_connected_dim': 2, 'dropout_rate': 0.47422748807259585, 'l2_factor': 0.0016970344704661914, 'max_num_epochs': 1000}	0.22008763
{'conv_num_filters': 48, 'conv_filter_width': [1, 2], 'pool_window_width': 3, 'fully_connected_dim': [13, 13], 'pool_strategy': 'max', 'locally_connected_width': [1, 2], 'locally_connected_dim': 4, 'dropout_rate': 0.22518625465042505, 'l2_factor': 3.274221371164296e-07, 'max_num_epochs': 1000}	0.23536982
{'conv_num_filters': 68, 'conv_filter_width': [1, 2, 4], 'pool_window_width': 4, 'fully_connected_dim': [38], 'pool_strategy': 'avg', 'locally_connected_width': None, 'locally_connected_dim': 2, 'dropout_rate': 0.30851581119787147, 'l2_factor': 2.444296195337632e-06, 'max_num_epochs': 1000}	0.37497917
{'conv_num_filters': 98, 'conv_filter_width': [2], 'pool_window_width': 3, 'fully_connected_dim': [39], 'pool_strategy': 'max', 'locally_connected_width': None, 'locally_connected_dim': 1, 'dropout_rate': 0.559227894530622, 'l2_factor': 0.005558764941323976, 'max_num_epochs': 1000}	0.32986957
{'conv_num_filters': 59, 'conv_filter_width': [3], 'pool_window_width': 2, 'fully_connected_dim': [49, 36], 'pool_strategy': 'max-and-avg', 'locally_connected_width': [1], 'locally_connected_dim': 4, 'dropout_rate': 0.5195082881305157, 'l2_factor': 5.173525815938316e-08, 'max_num_epochs': 1000}	0.25923267
{'conv_num_filters': 12, 'conv_filter_width': [4], 'pool_window_width': 1, 'fully_connected_dim': [42, 22], 'pool_strategy': 'avg', 'locally_connected_width': [2], 'locally_connected_dim': 3, 'dropout_rate': 0.18579967632176614, 'l2_factor': 0.00011501501826868167, 'max_num_epochs': 1000}	0.14581615
{'conv_num_filters': 35, 'conv_filter_width': [3], 'pool_window_width': 3, 'fully_connected_dim': [37, 41], 'pool_strategy': 'avg', 'locally_connected_width': [2], 'locally_connected_dim': 2, 'dropout_rate': 0.6598898275299905, 'l2_factor': 0.039620250418231466, 'max_num_epochs': 1000}	0.41222224
{'conv_num_filters': 23, 'conv_filter_width': [1, 2], 'pool_window_width': 2, 'fully_connected_dim': [28, 41], 'pool_strategy': 'max', 'locally_connected_width': None, 'locally_connected_dim': 2, 'dropout_rate': 0.12426723193945058, 'l2_factor': 1.6199771470144031e-06, 'max_num_epochs': 1000}	0.36774266
{'conv_num_filters': 98, 'conv_filter_width': [1, 2, 3], 'pool_window_width': 2, 'fully_connected_dim': [32, 25], 'pool_strategy': 'max-and-avg', 'locally_connected_width': None, 'locally_connected_dim': 4, 'dropout_rate': 0.5535982277465661, 'l2_factor': 5.170328734561127e-05, 'max_num_epochs': 1000}	0.29316643
{'conv_num_filters': 24, 'conv_filter_width': [4], 'pool_window_width': 4, 'fully_connected_dim': [34], 'pool_strategy': 'max-and-avg', 'locally_connected_width': [1], 'locally_connected_dim': 3, 'dropout_rate': 0.16607455074261623, 'l2_factor': 1.991339850628199e-09, 'max_num_epochs': 1000}	0.3077779
{'conv_num_filters': 70, 'conv_filter_width': [1], 'pool_window_width': 2, 'fully_connected_dim': [44, 32], 'pool_strategy': 'avg', 'locally_connected_width': [1, 2], 'locally_connected_dim': 2, 'dropout_rate': 0.4753400704589384, 'l2_factor': 0.00013712927062770367, 'max_num_epochs': 1000}	0.18420331
{'conv_num_filters': 87, 'conv_filter_width': [1, 2, 3, 4], 'pool_window_width': 1, 'fully_connected_dim': [26], 'pool_strategy': 'max', 'locally_connected_width': [1, 2], 'locally_connected_dim': 2, 'dropout_rate': 0.20805409976524544, 'l2_factor': 0.0007322478712644108, 'max_num_epochs': 1000}	0.19876678
{'conv_num_filters': 5, 'conv_filter_width': [1, 2, 3], 'pool_window_width': 1, 'fully_connected_dim': [28, 17], 'pool_strategy': 'avg', 'locally_connected_width': [1], 'locally_connected_dim': 1, 'dropout_rate': 0.45262098322622085, 'l2_factor': 0.0003566090076895795, 'max_num_epochs': 1000}	0.23652641
{'conv_num_filters': 93, 'conv_filter_width': [1, 2, 3, 4], 'pool_window_width': 2, 'fully_connected_dim': [44], 'pool_strategy': 'max-and-avg', 'locally_connected_width': [2], 'locally_connected_dim': 3, 'dropout_rate': 0.5661461110428505, 'l2_factor': 0.0371613364634548, 'max_num_epochs': 1000}	0.21196271
{'conv_num_filters': 72, 'conv_filter_width': [1, 2, 3, 4], 'pool_window_width': 1, 'fully_connected_dim': [28], 'pool_strategy': 'max-and-avg', 'locally_connected_width': None, 'locally_connected_dim': 2, 'dropout_rate': 0.7366067717788001, 'l2_factor': 0.03976227405693054, 'max_num_epochs': 1000}	0.2080843
{'conv_num_filters': 50, 'conv_filter_width': [1], 'pool_window_width': 1, 'fully_connected_dim': [17, 17], 'pool_strategy': 'avg', 'locally_connected_width': [2], 'locally_connected_dim': 3, 'dropout_rate': 0.027795785965526898, 'l2_factor': 0.0004914154499601874, 'max_num_epochs': 1000}	0.18200408
{'conv_num_filters': 12, 'conv_filter_width': [1, 2, 4], 'pool_window_width': 3, 'fully_connected_dim': [15], 'pool_strategy': 'max', 'locally_connected_width': [1], 'locally_connected_dim': 2, 'dropout_rate': 0.51608707202802, 'l2_factor': 8.073180370387669e-08, 'max_num_epochs': 1000}	0.24981831
{'conv_num_filters': 26, 'conv_filter_width': [1], 'pool_window_width': 3, 'fully_connected_dim': [38, 17], 'pool_strategy': 'avg', 'locally_connected_width': [1], 'locally_connected_dim': 1, 'dropout_rate': 0.6864557399360907, 'l2_factor': 2.033982748746836e-05, 'max_num_epochs': 1000}	0.3580512
{'conv_num_filters': 6, 'conv_filter_width': [1, 2, 3], 'pool_window_width': 2, 'fully_connected_dim': [48], 'pool_strategy': 'max', 'locally_connected_width': [1], 'locally_connected_dim': 2, 'dropout_rate': 0.6793571220062264, 'l2_factor': 5.2772340359994185e-05, 'max_num_epochs': 1000}	0.29224694
{'conv_num_filters': 43, 'conv_filter_width': [1, 2], 'pool_window_width': 1, 'fully_connected_dim': [45, 41], 'pool_strategy': 'max', 'locally_connected_width': [1], 'locally_connected_dim': 4, 'dropout_rate': 0.66703106544508, 'l2_factor': 2.0768103106135847e-05, 'max_num_epochs': 1000}	0.16247322
{'conv_num_filters': 37, 'conv_filter_width': [1, 2, 3], 'pool_window_width': 3, 'fully_connected_dim': [43], 'pool_strategy': 'max-and-avg', 'locally_connected_width': [1, 2], 'locally_connected_dim': 2, 'dropout_rate': 0.614316883975148, 'l2_factor': 2.1179914816482775e-05, 'max_num_epochs': 1000}	0.33249488
{'conv_num_filters': 46, 'conv_filter_width': [1, 2, 4], 'pool_window_width': 1, 'fully_connected_dim': [37, 45], 'pool_strategy': 'max', 'locally_connected_width': [2], 'locally_connected_dim': 3, 'dropout_rate': 0.17145361158374584, 'l2_factor': 1.1523614103016732e-09, 'max_num_epochs': 1000}	0.13705061
{'conv_num_filters': 37, 'conv_filter_width': [1], 'pool_window_width': 2, 'fully_connected_dim': [34, 48], 'pool_strategy': 'avg', 'locally_connected_width': [1], 'locally_connected_dim': 4, 'dropout_rate': 0.020465417638101613, 'l2_factor': 2.392097515843625e-10, 'max_num_epochs': 1000}	0.31131992
{'conv_num_filters': 11, 'conv_filter_width': [4], 'pool_window_width': 2, 'fully_connected_dim': [41, 17], 'pool_strategy': 'avg', 'locally_connected_width': [1], 'locally_connected_dim': 4, 'dropout_rate': 0.6602576037588103, 'l2_factor': 2.224738305119712e-05, 'max_num_epochs': 1000}	0.30622604
{'conv_num_filters': 8, 'conv_filter_width': [3], 'pool_window_width': 1, 'fully_connected_dim': [39, 12], 'pool_strategy': 'avg', 'locally_connected_width': [1, 2], 'locally_connected_dim': 4, 'dropout_rate': 0.15336228149818745, 'l2_factor': 4.261467477127431e-05, 'max_num_epochs': 1000}	0.21149431
{'conv_num_filters': 39, 'conv_filter_width': [3], 'pool_window_width': 3, 'fully_connected_dim': [42, 29], 'pool_strategy': 'max', 'locally_connected_width': [1], 'locally_connected_dim': 2, 'dropout_rate': 0.4307581680510003, 'l2_factor': 3.817832454462122e-05, 'max_num_epochs': 1000}	0.27986026
{'conv_num_filters': 45, 'conv_filter_width': [1, 2, 4], 'pool_window_width': 1, 'fully_connected_dim': [14], 'pool_strategy': 'max', 'locally_connected_width': [1, 2], 'locally_connected_dim': 2, 'dropout_rate': 0.23578246208553783, 'l2_factor': 4.2095382218708604e-05, 'max_num_epochs': 1000}	0.18176593
{'conv_num_filters': 26, 'conv_filter_width': [1, 2, 4], 'pool_window_width': 3, 'fully_connected_dim': [48, 47], 'pool_strategy': 'avg', 'locally_connected_width': None, 'locally_connected_dim': 4, 'dropout_rate': 0.12031229160924783, 'l2_factor': 1.7796013109505234e-08, 'max_num_epochs': 1000}	0.36053738
{'conv_num_filters': 46, 'conv_filter_width': [3], 'pool_window_width': 4, 'fully_connected_dim': [16, 33], 'pool_strategy': 'max', 'locally_connected_width': [2], 'locally_connected_dim': 3, 'dropout_rate': 0.1716102532202819, 'l2_factor': 5.148322500573279e-06, 'max_num_epochs': 1000}	0.5087072
{'conv_num_filters': 92, 'conv_filter_width': [3], 'pool_window_width': 1, 'fully_connected_dim': [12], 'pool_strategy': 'max-and-avg', 'locally_connected_width': [2], 'locally_connected_dim': 3, 'dropout_rate': 0.6960928682056446, 'l2_factor': 0.235281000586782, 'max_num_epochs': 1000}	0.5
{'conv_num_filters': 21, 'conv_filter_width': [1, 2, 4], 'pool_window_width': 3, 'fully_connected_dim': [24, 15], 'pool_strategy': 'max', 'locally_connected_width': None, 'locally_connected_dim': 2, 'dropout_rate': 0.14509542695454344, 'l2_factor': 0.0006722644896781161, 'max_num_epochs': 1000}	0.27929932
{'conv_num_filters': 12, 'conv_filter_width': [1], 'pool_window_width': 2, 'fully_connected_dim': [24], 'pool_strategy': 'avg', 'locally_connected_width': [1], 'locally_connected_dim': 2, 'dropout_rate': 0.12452136147366355, 'l2_factor': 1.873117542002697e-09, 'max_num_epochs': 1000}	0.25327685
{'conv_num_filters': 90, 'conv_filter_width': [1, 2], 'pool_window_width': 1, 'fully_connected_dim': [36], 'pool_strategy': 'max-and-avg', 'locally_connected_width': [1, 2], 'locally_connected_dim': 3, 'dropout_rate': 0.5786980362166005, 'l2_factor': 4.508358852387477e-05, 'max_num_epochs': 1000}	0.19316141
{'conv_num_filters': 30, 'conv_filter_width': [4], 'pool_window_width': 2, 'fully_connected_dim': [10, 25], 'pool_strategy': 'avg', 'locally_connected_width': [1, 2], 'locally_connected_dim': 1, 'dropout_rate': 0.1243306317566012, 'l2_factor': 6.892905508839699e-09, 'max_num_epochs': 1000}	0.21327354
{'conv_num_filters': 75, 'conv_filter_width': [1], 'pool_window_width': 2, 'fully_connected_dim': [42], 'pool_strategy': 'max', 'locally_connected_width': [2], 'locally_connected_dim': 3, 'dropout_rate': 0.5661685927953996, 'l2_factor': 3.093349923926701e-08, 'max_num_epochs': 1000}	0.22851785
{'conv_num_filters': 57, 'conv_filter_width': [2], 'pool_window_width': 2, 'fully_connected_dim': [40, 10], 'pool_strategy': 'max', 'locally_connected_width': None, 'locally_connected_dim': 4, 'dropout_rate': 0.5776124672340691, 'l2_factor': 3.6905228202587e-06, 'max_num_epochs': 1000}	0.33657542
{'conv_num_filters': 26, 'conv_filter_width': [4], 'pool_window_width': 2, 'fully_connected_dim': [35, 48], 'pool_strategy': 'max', 'locally_connected_width': [1, 2], 'locally_connected_dim': 3, 'dropout_rate': 0.6074915329968122, 'l2_factor': 4.778444088664035e-07, 'max_num_epochs': 1000}	0.30935547
{'conv_num_filters': 20, 'conv_filter_width': [1, 2, 3, 4], 'pool_window_width': 2, 'fully_connected_dim': [42], 'pool_strategy': 'max-and-avg', 'locally_connected_width': [1], 'locally_connected_dim': 1, 'dropout_rate': 0.2516334719545271, 'l2_factor': 0.07430882890085538, 'max_num_epochs': 1000}	0.19527934
{'conv_num_filters': 6, 'conv_filter_width': [2], 'pool_window_width': 1, 'fully_connected_dim': [47], 'pool_strategy': 'max-and-avg', 'locally_connected_width': [2], 'locally_connected_dim': 4, 'dropout_rate': 0.4338746848419004, 'l2_factor': 5.8670124100520454e-05, 'max_num_epochs': 1000}	0.15374596
{'conv_num_filters': 46, 'conv_filter_width': [3], 'pool_window_width': 2, 'fully_connected_dim': [43, 40], 'pool_strategy': 'avg', 'locally_connected_width': [1, 2], 'locally_connected_dim': 3, 'dropout_rate': 0.5604906077489424, 'l2_factor': 1.3538683070426863e-09, 'max_num_epochs': 1000}	0.18205516
{'conv_num_filters': 87, 'conv_filter_width': [1, 2, 3, 4], 'pool_window_width': 4, 'fully_connected_dim': [31, 28], 'pool_strategy': 'max-and-avg', 'locally_connected_width': [1], 'locally_connected_dim': 3, 'dropout_rate': 0.2851914466556247, 'l2_factor': 4.7968462761786124e-05, 'max_num_epochs': 1000}	0.346737
{'conv_num_filters': 64, 'conv_filter_width': [3], 'pool_window_width': 2, 'fully_connected_dim': [10, 28], 'pool_strategy': 'max-and-avg', 'locally_connected_width': [1, 2], 'locally_connected_dim': 4, 'dropout_rate': 0.4059694345981698, 'l2_factor': 4.951638990489413e-06, 'max_num_epochs': 1000}	0.28926435
{'conv_num_filters': 83, 'conv_filter_width': [2], 'pool_window_width': 2, 'fully_connected_dim': [35], 'pool_strategy': 'max-and-avg', 'locally_connected_width': [1, 2], 'locally_connected_dim': 4, 'dropout_rate': 0.13856656166307826, 'l2_factor': 1.9459389981038393e-05, 'max_num_epochs': 1000}	0.24531062
{'conv_num_filters': 81, 'conv_filter_width': [3], 'pool_window_width': 3, 'fully_connected_dim': [21, 18], 'pool_strategy': 'max', 'locally_connected_width': [1, 2], 'locally_connected_dim': 2, 'dropout_rate': 0.688000172311223, 'l2_factor': 0.00012716592782192757, 'max_num_epochs': 1000}	0.34822127
{'conv_num_filters': 93, 'conv_filter_width': [4], 'pool_window_width': 2, 'fully_connected_dim': [28], 'pool_strategy': 'max', 'locally_connected_width': [2], 'locally_connected_dim': 2, 'dropout_rate': 0.35537782964215076, 'l2_factor': 0.892461190238612, 'max_num_epochs': 1000}	0.5
{'conv_num_filters': 78, 'conv_filter_width': [3], 'pool_window_width': 3, 'fully_connected_dim': [28, 33], 'pool_strategy': 'avg', 'locally_connected_width': [1, 2], 'locally_connected_dim': 2, 'dropout_rate': 0.2819124104979087, 'l2_factor': 1.3197165111725882e-06, 'max_num_epochs': 1000}	0.25854233
{'conv_num_filters': 57, 'conv_filter_width': [1, 2, 4], 'pool_window_width': 2, 'fully_connected_dim': [24], 'pool_strategy': 'max', 'locally_connected_width': [1], 'locally_connected_dim': 2, 'dropout_rate': 0.3233863163702782, 'l2_factor': 2.8013804208050693e-08, 'max_num_epochs': 1000}	0.22792514
{'conv_num_filters': 27, 'conv_filter_width': [1, 2], 'pool_window_width': 3, 'fully_connected_dim': [11], 'pool_strategy': 'avg', 'locally_connected_width': None, 'locally_connected_dim': 1, 'dropout_rate': 0.3364556380788196, 'l2_factor': 1.4242319909973485e-06, 'max_num_epochs': 1000}	0.4019804
{'conv_num_filters': 92, 'conv_filter_width': [1], 'pool_window_width': 2, 'fully_connected_dim': [10], 'pool_strategy': 'max', 'locally_connected_width': None, 'locally_connected_dim': 3, 'dropout_rate': 0.47866403296525006, 'l2_factor': 1.979776203189881e-09, 'max_num_epochs': 1000}	0.377198
{'conv_num_filters': 79, 'conv_filter_width': [1, 2, 3, 4], 'pool_window_width': 3, 'fully_connected_dim': [43, 21], 'pool_strategy': 'max', 'locally_connected_width': [1, 2], 'locally_connected_dim': 4, 'dropout_rate': 0.586636362623554, 'l2_factor': 0.0002797546153705063, 'max_num_epochs': 1000}	0.24929617
{'conv_num_filters': 96, 'conv_filter_width': [1, 2, 3, 4], 'pool_window_width': 2, 'fully_connected_dim': [13], 'pool_strategy': 'avg', 'locally_connected_width': [1], 'locally_connected_dim': 4, 'dropout_rate': 0.34937283617498466, 'l2_factor': 7.935900013843467e-07, 'max_num_epochs': 1000}	0.2400644
{'conv_num_filters': 78, 'conv_filter_width': [1], 'pool_window_width': 2, 'fully_connected_dim': [30, 41], 'pool_strategy': 'max', 'locally_connected_width': [2], 'locally_connected_dim': 3, 'dropout_rate': 0.38094127495896557, 'l2_factor': 0.03492132322741268, 'max_num_epochs': 1000}	0.14108783
{'conv_num_filters': 71, 'conv_filter_width': [1, 2, 3, 4], 'pool_window_width': 1, 'fully_connected_dim': [21], 'pool_strategy': 'avg', 'locally_connected_width': [1, 2], 'locally_connected_dim': 3, 'dropout_rate': 0.6699872563828817, 'l2_factor': 0.0050490677568760965, 'max_num_epochs': 1000}	0.14987475
{'conv_num_filters': 89, 'conv_filter_width': [1, 2], 'pool_window_width': 4, 'fully_connected_dim': [15, 12], 'pool_strategy': 'max-and-avg', 'locally_connected_width': None, 'locally_connected_dim': 2, 'dropout_rate': 0.5903372172418756, 'l2_factor': 6.585566134796101e-05, 'max_num_epochs': 1000}	0.3378912
{'conv_num_filters': 22, 'conv_filter_width': [1, 2, 4], 'pool_window_width': 2, 'fully_connected_dim': [25, 20], 'pool_strategy': 'max-and-avg', 'locally_connected_width': None, 'locally_connected_dim': 3, 'dropout_rate': 0.19594527343895568, 'l2_factor': 0.09206104923068875, 'max_num_epochs': 1000}	0.20860648
{'conv_num_filters': 91, 'conv_filter_width': [2], 'pool_window_width': 2, 'fully_connected_dim': [17], 'pool_strategy': 'max-and-avg', 'locally_connected_width': [2], 'locally_connected_dim': 2, 'dropout_rate': 0.736541686690087, 'l2_factor': 2.195255482143795e-10, 'max_num_epochs': 1000}	0.18427521
{'conv_num_filters': 48, 'conv_filter_width': [1, 2, 4], 'pool_window_width': 3, 'fully_connected_dim': [15, 38], 'pool_strategy': 'max-and-avg', 'locally_connected_width': None, 'locally_connected_dim': 4, 'dropout_rate': 0.5583536065406697, 'l2_factor': 4.5406753565629385e-06, 'max_num_epochs': 1000}	0.38252878
{'conv_num_filters': 42, 'conv_filter_width': [1, 2], 'pool_window_width': 2, 'fully_connected_dim': [14], 'pool_strategy': 'avg', 'locally_connected_width': [2], 'locally_connected_dim': 4, 'dropout_rate': 0.5466381581394419, 'l2_factor': 3.4036188707879554e-05, 'max_num_epochs': 1000}	0.23894213
{'conv_num_filters': 81, 'conv_filter_width': [1, 2, 4], 'pool_window_width': 2, 'fully_connected_dim': [33], 'pool_strategy': 'avg', 'locally_connected_width': [2], 'locally_connected_dim': 4, 'dropout_rate': 0.13275702903396067, 'l2_factor': 0.0003078154302249215, 'max_num_epochs': 1000}	0.1987611
{'conv_num_filters': 93, 'conv_filter_width': [2], 'pool_window_width': 4, 'fully_connected_dim': [10], 'pool_strategy': 'avg', 'locally_connected_width': [1], 'locally_connected_dim': 3, 'dropout_rate': 0.26864562312001317, 'l2_factor': 0.01965005365676478, 'max_num_epochs': 1000}	0.18547267
{'conv_num_filters': 63, 'conv_filter_width': [2], 'pool_window_width': 1, 'fully_connected_dim': [32, 20], 'pool_strategy': 'avg', 'locally_connected_width': None, 'locally_connected_dim': 4, 'dropout_rate': 0.22657254846757371, 'l2_factor': 1.087808473679664e-05, 'max_num_epochs': 1000}	0.28353146
{'conv_num_filters': 72, 'conv_filter_width': [2], 'pool_window_width': 3, 'fully_connected_dim': [19], 'pool_strategy': 'max-and-avg', 'locally_connected_width': None, 'locally_connected_dim': 3, 'dropout_rate': 0.4722535607248791, 'l2_factor': 0.0009768067671484667, 'max_num_epochs': 1000}	0.35543045
{'conv_num_filters': 90, 'conv_filter_width': [1, 2], 'pool_window_width': 2, 'fully_connected_dim': [16], 'pool_strategy': 'max', 'locally_connected_width': [1], 'locally_connected_dim': 2, 'dropout_rate': 0.3330878302624608, 'l2_factor': 1.5469422570867957e-06, 'max_num_epochs': 1000}	0.23024648
{'conv_num_filters': 92, 'conv_filter_width': [1], 'pool_window_width': 3, 'fully_connected_dim': [31], 'pool_strategy': 'avg', 'locally_connected_width': None, 'locally_connected_dim': 4, 'dropout_rate': 0.23499270975913378, 'l2_factor': 0.0028648993172716098, 'max_num_epochs': 1000}	0.33476233
{'conv_num_filters': 25, 'conv_filter_width': [3], 'pool_window_width': 4, 'fully_connected_dim': [31], 'pool_strategy': 'avg', 'locally_connected_width': [1, 2], 'locally_connected_dim': 2, 'dropout_rate': 0.6580203560211094, 'l2_factor': 0.008884890848699005, 'max_num_epochs': 1000}	0.23349297
{'conv_num_filters': 82, 'conv_filter_width': [1, 2, 3], 'pool_window_width': 3, 'fully_connected_dim': [21, 38], 'pool_strategy': 'avg', 'locally_connected_width': [1], 'locally_connected_dim': 3, 'dropout_rate': 0.3247361302257361, 'l2_factor': 1.6118180939222394e-06, 'max_num_epochs': 1000}	0.22271931
{'conv_num_filters': 49, 'conv_filter_width': [1, 2], 'pool_window_width': 3, 'fully_connected_dim': [38], 'pool_strategy': 'max-and-avg', 'locally_connected_width': [2], 'locally_connected_dim': 3, 'dropout_rate': 0.7403262360284139, 'l2_factor': 2.7538713208803194e-06, 'max_num_epochs': 1000}	0.22144325
{'conv_num_filters': 16, 'conv_filter_width': [1, 2, 4], 'pool_window_width': 1, 'fully_connected_dim': [29], 'pool_strategy': 'max', 'locally_connected_width': [1, 2], 'locally_connected_dim': 1, 'dropout_rate': 0.6885293043285238, 'l2_factor': 0.00012162814957148254, 'max_num_epochs': 1000}	0.18676482
{'conv_num_filters': 30, 'conv_filter_width': [1, 2], 'pool_window_width': 1, 'fully_connected_dim': [15, 41], 'pool_strategy': 'max-and-avg', 'locally_connected_width': [1], 'locally_connected_dim': 4, 'dropout_rate': 0.7221533602144161, 'l2_factor': 0.00014109213176846278, 'max_num_epochs': 1000}	0.17227775
{'conv_num_filters': 65, 'conv_filter_width': [1, 2], 'pool_window_width': 1, 'fully_connected_dim': [18, 37], 'pool_strategy': 'max', 'locally_connected_width': [1], 'locally_connected_dim': 2, 'dropout_rate': 0.7420050421249785, 'l2_factor': 9.83492402591863e-06, 'max_num_epochs': 1000}	0.39736566
{'conv_num_filters': 43, 'conv_filter_width': [4], 'pool_window_width': 1, 'fully_connected_dim': [19, 13], 'pool_strategy': 'max-and-avg', 'locally_connected_width': [2], 'locally_connected_dim': 3, 'dropout_rate': 0.007970954232271787, 'l2_factor': 3.0437968974845757e-06, 'max_num_epochs': 1000}	0.19640128
{'conv_num_filters': 50, 'conv_filter_width': [1, 2, 3], 'pool_window_width': 1, 'fully_connected_dim': [14], 'pool_strategy': 'max', 'locally_connected_width': [1], 'locally_connected_dim': 4, 'dropout_rate': 0.1007539564917721, 'l2_factor': 1.0289527893612165e-07, 'max_num_epochs': 1000}	0.18640198
{'conv_num_filters': 81, 'conv_filter_width': [2], 'pool_window_width': 1, 'fully_connected_dim': [48], 'pool_strategy': 'avg', 'locally_connected_width': [2], 'locally_connected_dim': 4, 'dropout_rate': 0.6425268723883442, 'l2_factor': 0.038089198009456475, 'max_num_epochs': 1000}	0.13693213
{'conv_num_filters': 62, 'conv_filter_width': [1, 2], 'pool_window_width': 3, 'fully_connected_dim': [10, 48], 'pool_strategy': 'max-and-avg', 'locally_connected_width': None, 'locally_connected_dim': 3, 'dropout_rate': 0.7044984602977467, 'l2_factor': 1.2747425231517409e-07, 'max_num_epochs': 1000}	0.46147728
{'conv_num_filters': 62, 'conv_filter_width': [3], 'pool_window_width': 1, 'fully_connected_dim': [32], 'pool_strategy': 'max', 'locally_connected_width': [2], 'locally_connected_dim': 1, 'dropout_rate': 0.0019099048967194387, 'l2_factor': 1.3543224601883728e-07, 'max_num_epochs': 1000}	0.18574433
{'conv_num_filters': 82, 'conv_filter_width': [3], 'pool_window_width': 1, 'fully_connected_dim': [28], 'pool_strategy': 'max', 'locally_connected_width': [1, 2], 'locally_connected_dim': 3, 'dropout_rate': 0.6881286422242526, 'l2_factor': 6.592929402350058e-07, 'max_num_epochs': 1000}	0.1237357
{'conv_num_filters': 67, 'conv_filter_width': [1, 2, 3], 'pool_window_width': 3, 'fully_connected_dim': [48, 33], 'pool_strategy': 'avg', 'locally_connected_width': None, 'locally_connected_dim': 1, 'dropout_rate': 0.7368682087311715, 'l2_factor': 7.27498048571558e-09, 'max_num_epochs': 1000}	0.43759266
{'conv_num_filters': 41, 'conv_filter_width': [1, 2], 'pool_window_width': 2, 'fully_connected_dim': [23, 36], 'pool_strategy': 'max', 'locally_connected_width': [1, 2], 'locally_connected_dim': 2, 'dropout_rate': 0.004505649344126672, 'l2_factor': 0.00959703851095237, 'max_num_epochs': 1000}	0.16197707
{'conv_num_filters': 13, 'conv_filter_width': [1, 2], 'pool_window_width': 1, 'fully_connected_dim': [14], 'pool_strategy': 'max-and-avg', 'locally_connected_width': [1], 'locally_connected_dim': 3, 'dropout_rate': 0.20148759292966992, 'l2_factor': 2.954574158409953e-07, 'max_num_epochs': 1000}	0.13631062
{'conv_num_filters': 79, 'conv_filter_width': [1, 2, 4], 'pool_window_width': 2, 'fully_connected_dim': [40, 36], 'pool_strategy': 'max', 'locally_connected_width': None, 'locally_connected_dim': 2, 'dropout_rate': 0.6079273178300881, 'l2_factor': 0.000593227370192193, 'max_num_epochs': 1000}	0.28327224
{'conv_num_filters': 47, 'conv_filter_width': [1, 2, 3, 4], 'pool_window_width': 3, 'fully_connected_dim': [34], 'pool_strategy': 'avg', 'locally_connected_width': [2], 'locally_connected_dim': 4, 'dropout_rate': 0.33458791427582224, 'l2_factor': 2.2075441678219424e-06, 'max_num_epochs': 1000}	0.2840782
{'conv_num_filters': 11, 'conv_filter_width': [1, 2, 3], 'pool_window_width': 3, 'fully_connected_dim': [39, 14], 'pool_strategy': 'max-and-avg', 'locally_connected_width': [1, 2], 'locally_connected_dim': 1, 'dropout_rate': 0.1917811711321992, 'l2_factor': 4.335593648842394e-05, 'max_num_epochs': 1000}	0.2557622
{'conv_num_filters': 87, 'conv_filter_width': [1, 2], 'pool_window_width': 3, 'fully_connected_dim': [24, 16], 'pool_strategy': 'max', 'locally_connected_width': None, 'locally_connected_dim': 4, 'dropout_rate': 0.6800939124559211, 'l2_factor': 3.6151575787260325e-05, 'max_num_epochs': 1000}	0.4284521
{'conv_num_filters': 11, 'conv_filter_width': [1, 2, 3, 4], 'pool_window_width': 2, 'fully_connected_dim': [36], 'pool_strategy': 'max-and-avg', 'locally_connected_width': [1], 'locally_connected_dim': 2, 'dropout_rate': 0.024720600018427435, 'l2_factor': 0.01027713511537935, 'max_num_epochs': 1000}	0.16653621
{'conv_num_filters': 72, 'conv_filter_width': [2], 'pool_window_width': 3, 'fully_connected_dim': [43, 17], 'pool_strategy': 'max-and-avg', 'locally_connected_width': None, 'locally_connected_dim': 2, 'dropout_rate': 0.26648093371509163, 'l2_factor': 1.3773310500762629e-05, 'max_num_epochs': 1000}	0.31282333
{'conv_num_filters': 66, 'conv_filter_width': [1, 2, 4], 'pool_window_width': 4, 'fully_connected_dim': [37, 17], 'pool_strategy': 'max-and-avg', 'locally_connected_width': [2], 'locally_connected_dim': 1, 'dropout_rate': 0.6564995447659043, 'l2_factor': 4.0785945329709593e-07, 'max_num_epochs': 1000}	0.29726824
{'conv_num_filters': 14, 'conv_filter_width': [4], 'pool_window_width': 4, 'fully_connected_dim': [31], 'pool_strategy': 'max', 'locally_connected_width': [2], 'locally_connected_dim': 3, 'dropout_rate': 0.12113307786450894, 'l2_factor': 1.1952554784296988e-08, 'max_num_epochs': 1000}	0.38134718
{'conv_num_filters': 26, 'conv_filter_width': [4], 'pool_window_width': 3, 'fully_connected_dim': [28, 13], 'pool_strategy': 'max-and-avg', 'locally_connected_width': [1, 2], 'locally_connected_dim': 3, 'dropout_rate': 0.5340491468624023, 'l2_factor': 9.877424885371174e-08, 'max_num_epochs': 1000}	0.3099531
{'conv_num_filters': 34, 'conv_filter_width': [4], 'pool_window_width': 4, 'fully_connected_dim': [20], 'pool_strategy': 'avg', 'locally_connected_width': None, 'locally_connected_dim': 3, 'dropout_rate': 0.47510550946681573, 'l2_factor': 4.051623605285649e-06, 'max_num_epochs': 1000}	0.30510697
{'conv_num_filters': 13, 'conv_filter_width': [1], 'pool_window_width': 2, 'fully_connected_dim': [44, 40], 'pool_strategy': 'max-and-avg', 'locally_connected_width': None, 'locally_connected_dim': 4, 'dropout_rate': 0.3532533904861296, 'l2_factor': 3.028946959944861e-08, 'max_num_epochs': 1000}	0.29860485
{'conv_num_filters': 73, 'conv_filter_width': [2], 'pool_window_width': 1, 'fully_connected_dim': [34, 40], 'pool_strategy': 'avg', 'locally_connected_width': [1], 'locally_connected_dim': 3, 'dropout_rate': 0.047651968058030375, 'l2_factor': 4.0708390134356214e-06, 'max_num_epochs': 1000}	0.22208573
{'conv_num_filters': 52, 'conv_filter_width': [3], 'pool_window_width': 4, 'fully_connected_dim': [45], 'pool_strategy': 'avg', 'locally_connected_width': [1], 'locally_connected_dim': 1, 'dropout_rate': 0.7435098815488568, 'l2_factor': 3.7995878489997165e-10, 'max_num_epochs': 1000}	0.4265615
{'conv_num_filters': 95, 'conv_filter_width': [1], 'pool_window_width': 3, 'fully_connected_dim': [34, 34], 'pool_strategy': 'max', 'locally_connected_width': [1], 'locally_connected_dim': 4, 'dropout_rate': 0.6806500905265503, 'l2_factor': 0.005900024255255476, 'max_num_epochs': 1000}	0.18243687
{'conv_num_filters': 17, 'conv_filter_width': [2], 'pool_window_width': 2, 'fully_connected_dim': [43], 'pool_strategy': 'max', 'locally_connected_width': [1, 2], 'locally_connected_dim': 3, 'dropout_rate': 0.1411456950223659, 'l2_factor': 0.0024306143860944674, 'max_num_epochs': 1000}	0.19757438
{'conv_num_filters': 95, 'conv_filter_width': [1], 'pool_window_width': 1, 'fully_connected_dim': [23, 41], 'pool_strategy': 'max-and-avg', 'locally_connected_width': [1, 2], 'locally_connected_dim': 3, 'dropout_rate': 0.2629923768241256, 'l2_factor': 1.0024531240750614e-06, 'max_num_epochs': 1000}	0.20818818
{'conv_num_filters': 61, 'conv_filter_width': [1, 2], 'pool_window_width': 3, 'fully_connected_dim': [48, 38], 'pool_strategy': 'max-and-avg', 'locally_connected_width': None, 'locally_connected_dim': 4, 'dropout_rate': 0.27328355277617283, 'l2_factor': 3.6600747851994993e-09, 'max_num_epochs': 1000}	0.441216
{'conv_num_filters': 14, 'conv_filter_width': [1], 'pool_window_width': 3, 'fully_connected_dim': [27, 25], 'pool_strategy': 'max', 'locally_connected_width': [1], 'locally_connected_dim': 4, 'dropout_rate': 0.26621463836217896, 'l2_factor': 2.9274124501635883e-05, 'max_num_epochs': 1000}	0.2536001
{'conv_num_filters': 62, 'conv_filter_width': [1, 2, 3], 'pool_window_width': 4, 'fully_connected_dim': [23], 'pool_strategy': 'avg', 'locally_connected_width': [1, 2], 'locally_connected_dim': 1, 'dropout_rate': 0.048629395904186384, 'l2_factor': 2.3370801605624617e-06, 'max_num_epochs': 1000}	0.28673083
{'conv_num_filters': 84, 'conv_filter_width': [1, 2, 3], 'pool_window_width': 1, 'fully_connected_dim': [19], 'pool_strategy': 'max', 'locally_connected_width': None, 'locally_connected_dim': 4, 'dropout_rate': 0.6113161513833836, 'l2_factor': 1.921618868148581e-07, 'max_num_epochs': 1000}	0.2884643
{'conv_num_filters': 58, 'conv_filter_width': [2], 'pool_window_width': 2, 'fully_connected_dim': [33], 'pool_strategy': 'max', 'locally_connected_width': [1], 'locally_connected_dim': 3, 'dropout_rate': 0.583101562502392, 'l2_factor': 1.4089483905583253e-06, 'max_num_epochs': 1000}	0.19319522
{'conv_num_filters': 82, 'conv_filter_width': [1, 2, 3, 4], 'pool_window_width': 3, 'fully_connected_dim': [34], 'pool_strategy': 'max-and-avg', 'locally_connected_width': [1], 'locally_connected_dim': 4, 'dropout_rate': 0.2755219435472037, 'l2_factor': 1.545816862638877e-06, 'max_num_epochs': 1000}	0.25925103
{'conv_num_filters': 22, 'conv_filter_width': [4], 'pool_window_width': 1, 'fully_connected_dim': [21, 44], 'pool_strategy': 'max', 'locally_connected_width': [1, 2], 'locally_connected_dim': 3, 'dropout_rate': 0.6523553174497048, 'l2_factor': 0.02735529225960101, 'max_num_epochs': 1000}	0.17693758
{'conv_num_filters': 88, 'conv_filter_width': [1, 2], 'pool_window_width': 3, 'fully_connected_dim': [17], 'pool_strategy': 'max-and-avg', 'locally_connected_width': [1, 2], 'locally_connected_dim': 3, 'dropout_rate': 0.672524701568227, 'l2_factor': 1.1590612107881124e-08, 'max_num_epochs': 1000}	0.25218573
{'conv_num_filters': 92, 'conv_filter_width': [1, 2, 4], 'pool_window_width': 3, 'fully_connected_dim': [38, 44], 'pool_strategy': 'max-and-avg', 'locally_connected_width': [1], 'locally_connected_dim': 4, 'dropout_rate': 0.5828236719568373, 'l2_factor': 2.1944029226088592e-10, 'max_num_epochs': 1000}	0.3046402
{'conv_num_filters': 20, 'conv_filter_width': [2], 'pool_window_width': 2, 'fully_connected_dim': [33], 'pool_strategy': 'max-and-avg', 'locally_connected_width': [1, 2], 'locally_connected_dim': 2, 'dropout_rate': 0.5977216889849251, 'l2_factor': 0.00011741420289841267, 'max_num_epochs': 1000}	0.22347374
{'conv_num_filters': 67, 'conv_filter_width': [1], 'pool_window_width': 2, 'fully_connected_dim': [38, 33], 'pool_strategy': 'avg', 'locally_connected_width': [1], 'locally_connected_dim': 3, 'dropout_rate': 0.2020481473640435, 'l2_factor': 2.0568521590579071e-07, 'max_num_epochs': 1000}	0.21721084
{'conv_num_filters': 56, 'conv_filter_width': [1, 2, 3, 4], 'pool_window_width': 3, 'fully_connected_dim': [40, 10], 'pool_strategy': 'max', 'locally_connected_width': [1, 2], 'locally_connected_dim': 3, 'dropout_rate': 0.3184163813474171, 'l2_factor': 5.3816143389044575e-08, 'max_num_epochs': 1000}	0.30557725
{'conv_num_filters': 35, 'conv_filter_width': [1, 2, 4], 'pool_window_width': 3, 'fully_connected_dim': [20], 'pool_strategy': 'max', 'locally_connected_width': None, 'locally_connected_dim': 2, 'dropout_rate': 0.7450953473248875, 'l2_factor': 7.641628409852518e-10, 'max_num_epochs': 1000}	0.44483587
{'conv_num_filters': 64, 'conv_filter_width': [1], 'pool_window_width': 2, 'fully_connected_dim': [10], 'pool_strategy': 'max-and-avg', 'locally_connected_width': [1], 'locally_connected_dim': 2, 'dropout_rate': 0.5605365451630211, 'l2_factor': 6.970924782904614e-08, 'max_num_epochs': 1000}	0.20652425
{'conv_num_filters': 93, 'conv_filter_width': [1], 'pool_window_width': 1, 'fully_connected_dim': [38], 'pool_strategy': 'max-and-avg', 'locally_connected_width': None, 'locally_connected_dim': 2, 'dropout_rate': 0.3554635433215296, 'l2_factor': 0.0012112742493238797, 'max_num_epochs': 1000}	0.30854684
{'conv_num_filters': 22, 'conv_filter_width': [1, 2, 3, 4], 'pool_window_width': 2, 'fully_connected_dim': [49, 10], 'pool_strategy': 'max-and-avg', 'locally_connected_width': None, 'locally_connected_dim': 4, 'dropout_rate': 0.20535727811858143, 'l2_factor': 9.264148382409232e-05, 'max_num_epochs': 1000}	0.34859362
{'conv_num_filters': 73, 'conv_filter_width': [4], 'pool_window_width': 3, 'fully_connected_dim': [30], 'pool_strategy': 'avg', 'locally_connected_width': [1], 'locally_connected_dim': 1, 'dropout_rate': 0.7436101460499704, 'l2_factor': 3.4383974385280696e-10, 'max_num_epochs': 1000}	0.21034302
{'conv_num_filters': 36, 'conv_filter_width': [1, 2, 3, 4], 'pool_window_width': 1, 'fully_connected_dim': [42, 15], 'pool_strategy': 'avg', 'locally_connected_width': [1, 2], 'locally_connected_dim': 2, 'dropout_rate': 0.5886079300717854, 'l2_factor': 3.3731707955470774e-07, 'max_num_epochs': 1000}	0.17210555
{'conv_num_filters': 43, 'conv_filter_width': [4], 'pool_window_width': 4, 'fully_connected_dim': [17], 'pool_strategy': 'avg', 'locally_connected_width': [1, 2], 'locally_connected_dim': 3, 'dropout_rate': 0.5302738137883136, 'l2_factor': 2.63994060322777e-06, 'max_num_epochs': 1000}	0.28583986
{'conv_num_filters': 98, 'conv_filter_width': [4], 'pool_window_width': 1, 'fully_connected_dim': [34], 'pool_strategy': 'max', 'locally_connected_width': [2], 'locally_connected_dim': 4, 'dropout_rate': 0.32040947863159663, 'l2_factor': 5.465408436587419e-06, 'max_num_epochs': 1000}	0.18957186
{'conv_num_filters': 12, 'conv_filter_width': [4], 'pool_window_width': 4, 'fully_connected_dim': [10], 'pool_strategy': 'max-and-avg', 'locally_connected_width': [1], 'locally_connected_dim': 4, 'dropout_rate': 0.41772026500160525, 'l2_factor': 4.7648651590959905e-07, 'max_num_epochs': 1000}	0.28076854
{'conv_num_filters': 72, 'conv_filter_width': [3], 'pool_window_width': 2, 'fully_connected_dim': [12, 25], 'pool_strategy': 'avg', 'locally_connected_width': [1], 'locally_connected_dim': 2, 'dropout_rate': 0.38130765423470403, 'l2_factor': 1.0239324417124118e-06, 'max_num_epochs': 1000}	0.179217
{'conv_num_filters': 5, 'conv_filter_width': [1, 2, 3], 'pool_window_width': 4, 'fully_connected_dim': [30], 'pool_strategy': 'max-and-avg', 'locally_connected_width': [2], 'locally_connected_dim': 2, 'dropout_rate': 0.5934428524307522, 'l2_factor': 9.156576692390696e-05, 'max_num_epochs': 1000}	0.2721105
{'conv_num_filters': 65, 'conv_filter_width': [1, 2, 3], 'pool_window_width': 1, 'fully_connected_dim': [24], 'pool_strategy': 'avg', 'locally_connected_width': [1], 'locally_connected_dim': 1, 'dropout_rate': 0.6118678763794718, 'l2_factor': 0.04646345195399501, 'max_num_epochs': 1000}	0.09331294
{'conv_num_filters': 75, 'conv_filter_width': [1], 'pool_window_width': 3, 'fully_connected_dim': [23], 'pool_strategy': 'avg', 'locally_connected_width': None, 'locally_connected_dim': 4, 'dropout_rate': 0.3405442920443635, 'l2_factor': 8.608527021093101e-07, 'max_num_epochs': 1000}	0.38313922
{'conv_num_filters': 62, 'conv_filter_width': [4], 'pool_window_width': 4, 'fully_connected_dim': [49], 'pool_strategy': 'avg', 'locally_connected_width': [2], 'locally_connected_dim': 3, 'dropout_rate': 0.6362223689798435, 'l2_factor': 1.2603008323713633e-06, 'max_num_epochs': 1000}	0.2735363
{'conv_num_filters': 20, 'conv_filter_width': [1, 2, 3], 'pool_window_width': 2, 'fully_connected_dim': [45, 35], 'pool_strategy': 'avg', 'locally_connected_width': [2], 'locally_connected_dim': 2, 'dropout_rate': 0.3424188822349299, 'l2_factor': 2.3946139164533934e-06, 'max_num_epochs': 1000}	0.18966532
{'conv_num_filters': 27, 'conv_filter_width': [1], 'pool_window_width': 2, 'fully_connected_dim': [45, 24], 'pool_strategy': 'max', 'locally_connected_width': [1], 'locally_connected_dim': 4, 'dropout_rate': 0.5796642016253384, 'l2_factor': 1.954175635168677e-09, 'max_num_epochs': 1000}	0.20066853
{'conv_num_filters': 97, 'conv_filter_width': [1, 2, 3, 4], 'pool_window_width': 4, 'fully_connected_dim': [46, 30], 'pool_strategy': 'max-and-avg', 'locally_connected_width': [1], 'locally_connected_dim': 3, 'dropout_rate': 0.7301155479938972, 'l2_factor': 4.0409198629023865e-06, 'max_num_epochs': 1000}	0.35016933
{'conv_num_filters': 83, 'conv_filter_width': [3], 'pool_window_width': 3, 'fully_connected_dim': [37], 'pool_strategy': 'max-and-avg', 'locally_connected_width': [1, 2], 'locally_connected_dim': 4, 'dropout_rate': 0.7056209724010496, 'l2_factor': 6.869520545902252e-07, 'max_num_epochs': 1000}	0.2617228
{'conv_num_filters': 83, 'conv_filter_width': [1, 2, 4], 'pool_window_width': 3, 'fully_connected_dim': [39, 25], 'pool_strategy': 'max-and-avg', 'locally_connected_width': [1], 'locally_connected_dim': 2, 'dropout_rate': 0.009059106484646196, 'l2_factor': 1.5536446685811564e-05, 'max_num_epochs': 1000}	0.23370965
{'conv_num_filters': 10, 'conv_filter_width': [1, 2, 3, 4], 'pool_window_width': 2, 'fully_connected_dim': [32], 'pool_strategy': 'avg', 'locally_connected_width': [1], 'locally_connected_dim': 2, 'dropout_rate': 0.4068382631829604, 'l2_factor': 3.860682374212051e-05, 'max_num_epochs': 1000}	0.17532176
{'conv_num_filters': 83, 'conv_filter_width': [1, 2], 'pool_window_width': 1, 'fully_connected_dim': [46], 'pool_strategy': 'max', 'locally_connected_width': None, 'locally_connected_dim': 1, 'dropout_rate': 0.6545146236895965, 'l2_factor': 0.006652050051757506, 'max_num_epochs': 1000}	0.23678745
{'conv_num_filters': 89, 'conv_filter_width': [3], 'pool_window_width': 2, 'fully_connected_dim': [26], 'pool_strategy': 'max-and-avg', 'locally_connected_width': [1], 'locally_connected_dim': 3, 'dropout_rate': 0.1525356246180383, 'l2_factor': 1.8192304620956616, 'max_num_epochs': 1000}	0.5
{'conv_num_filters': 20, 'conv_filter_width': [3], 'pool_window_width': 4, 'fully_connected_dim': [12], 'pool_strategy': 'max', 'locally_connected_width': [2], 'locally_connected_dim': 3, 'dropout_rate': 0.13833796018067432, 'l2_factor': 1.1278213012341948e-06, 'max_num_epochs': 1000}	0.36351466
{'conv_num_filters': 98, 'conv_filter_width': [1, 2, 3, 4], 'pool_window_width': 3, 'fully_connected_dim': [20], 'pool_strategy': 'max', 'locally_connected_width': None, 'locally_connected_dim': 1, 'dropout_rate': 0.08632728072517754, 'l2_factor': 7.140127861886729e-05, 'max_num_epochs': 1000}	0.5241698
{'conv_num_filters': 45, 'conv_filter_width': [3], 'pool_window_width': 1, 'fully_connected_dim': [33], 'pool_strategy': 'max-and-avg', 'locally_connected_width': [2], 'locally_connected_dim': 3, 'dropout_rate': 0.3537710020963429, 'l2_factor': 5.73650827985619e-09, 'max_num_epochs': 1000}	0.21902238
{'conv_num_filters': 37, 'conv_filter_width': [1, 2, 3, 4], 'pool_window_width': 2, 'fully_connected_dim': [19], 'pool_strategy': 'max', 'locally_connected_width': None, 'locally_connected_dim': 1, 'dropout_rate': 0.4467188236012123, 'l2_factor': 0.024370623917995306, 'max_num_epochs': 1000}	0.30842778
{'conv_num_filters': 96, 'conv_filter_width': [3], 'pool_window_width': 1, 'fully_connected_dim': [33, 16], 'pool_strategy': 'max', 'locally_connected_width': [2], 'locally_connected_dim': 1, 'dropout_rate': 0.19786986816240107, 'l2_factor': 0.007360481442458517, 'max_num_epochs': 1000}	0.19764195
{'conv_num_filters': 53, 'conv_filter_width': [1, 2], 'pool_window_width': 2, 'fully_connected_dim': [26], 'pool_strategy': 'max', 'locally_connected_width': None, 'locally_connected_dim': 1, 'dropout_rate': 0.3256052373960968, 'l2_factor': 7.423984650589102e-05, 'max_num_epochs': 1000}	0.36917886
{'conv_num_filters': 81, 'conv_filter_width': [3], 'pool_window_width': 1, 'fully_connected_dim': [27], 'pool_strategy': 'max', 'locally_connected_width': [1, 2], 'locally_connected_dim': 4, 'dropout_rate': 0.6596126425719877, 'l2_factor': 3.025730555676156e-08, 'max_num_epochs': 1000}	0.18174487
{'conv_num_filters': 58, 'conv_filter_width': [1, 2, 3, 4], 'pool_window_width': 2, 'fully_connected_dim': [32], 'pool_strategy': 'max-and-avg', 'locally_connected_width': None, 'locally_connected_dim': 4, 'dropout_rate': 0.3302603151234287, 'l2_factor': 2.0451133701964777e-05, 'max_num_epochs': 1000}	0.38140512
{'conv_num_filters': 38, 'conv_filter_width': [3], 'pool_window_width': 1, 'fully_connected_dim': [25, 11], 'pool_strategy': 'max', 'locally_connected_width': None, 'locally_connected_dim': 3, 'dropout_rate': 0.48406693508855436, 'l2_factor': 4.151825998714908e-08, 'max_num_epochs': 1000}	0.15965693
{'conv_num_filters': 97, 'conv_filter_width': [1, 2, 3], 'pool_window_width': 4, 'fully_connected_dim': [42], 'pool_strategy': 'max-and-avg', 'locally_connected_width': [1, 2], 'locally_connected_dim': 2, 'dropout_rate': 0.4365224822575963, 'l2_factor': 4.508287662854011e-05, 'max_num_epochs': 1000}	0.33324525
{'conv_num_filters': 33, 'conv_filter_width': [1, 2, 3, 4], 'pool_window_width': 1, 'fully_connected_dim': [30, 40], 'pool_strategy': 'max', 'locally_connected_width': None, 'locally_connected_dim': 2, 'dropout_rate': 0.3639112579000459, 'l2_factor': 2.352531717399028e-06, 'max_num_epochs': 1000}	0.2745997
{'conv_num_filters': 36, 'conv_filter_width': [3], 'pool_window_width': 2, 'fully_connected_dim': [27, 32], 'pool_strategy': 'max-and-avg', 'locally_connected_width': [1], 'locally_connected_dim': 3, 'dropout_rate': 0.5648029919020912, 'l2_factor': 0.00013119347914085922, 'max_num_epochs': 1000}	0.13960992
{'conv_num_filters': 76, 'conv_filter_width': [4], 'pool_window_width': 4, 'fully_connected_dim': [22, 23], 'pool_strategy': 'max-and-avg', 'locally_connected_width': [1], 'locally_connected_dim': 3, 'dropout_rate': 0.22169557464534742, 'l2_factor': 0.0002546609977654994, 'max_num_epochs': 1000}	0.24007457
{'conv_num_filters': 57, 'conv_filter_width': [1], 'pool_window_width': 3, 'fully_connected_dim': [18], 'pool_strategy': 'max-and-avg', 'locally_connected_width': [2], 'locally_connected_dim': 4, 'dropout_rate': 0.5228613965645672, 'l2_factor': 3.296988602219155e-08, 'max_num_epochs': 1000}	0.27053615
{'conv_num_filters': 61, 'conv_filter_width': [1, 2], 'pool_window_width': 1, 'fully_connected_dim': [35], 'pool_strategy': 'max-and-avg', 'locally_connected_width': [1], 'locally_connected_dim': 2, 'dropout_rate': 0.17532651945307945, 'l2_factor': 3.630418750911717e-05, 'max_num_epochs': 1000}	0.1876666
{'conv_num_filters': 32, 'conv_filter_width': [1, 2, 3], 'pool_window_width': 4, 'fully_connected_dim': [28], 'pool_strategy': 'avg', 'locally_connected_width': [2], 'locally_connected_dim': 3, 'dropout_rate': 0.4601444247513237, 'l2_factor': 7.488334490915531e-07, 'max_num_epochs': 1000}	0.29106262
{'conv_num_filters': 98, 'conv_filter_width': [1, 2, 4], 'pool_window_width': 2, 'fully_connected_dim': [28, 21], 'pool_strategy': 'avg', 'locally_connected_width': [1], 'locally_connected_dim': 4, 'dropout_rate': 0.14538582563213037, 'l2_factor': 0.011859159066728842, 'max_num_epochs': 1000}	0.17100237
{'conv_num_filters': 88, 'conv_filter_width': [2], 'pool_window_width': 1, 'fully_connected_dim': [31, 37], 'pool_strategy': 'max-and-avg', 'locally_connected_width': None, 'locally_connected_dim': 2, 'dropout_rate': 0.15332291883327256, 'l2_factor': 4.7201076909439456e-07, 'max_num_epochs': 1000}	0.29053792
{'conv_num_filters': 10, 'conv_filter_width': [1, 2, 3], 'pool_window_width': 4, 'fully_connected_dim': [19, 20], 'pool_strategy': 'avg', 'locally_connected_width': [2], 'locally_connected_dim': 2, 'dropout_rate': 0.600675374253048, 'l2_factor': 8.494585980084794e-08, 'max_num_epochs': 1000}	0.34358668
{'conv_num_filters': 47, 'conv_filter_width': [1, 2], 'pool_window_width': 4, 'fully_connected_dim': [41, 28], 'pool_strategy': 'avg', 'locally_connected_width': [1], 'locally_connected_dim': 1, 'dropout_rate': 0.6192318063269974, 'l2_factor': 0.00018414142472957686, 'max_num_epochs': 1000}	0.2667777
{'conv_num_filters': 87, 'conv_filter_width': [1, 2], 'pool_window_width': 3, 'fully_connected_dim': [35], 'pool_strategy': 'avg', 'locally_connected_width': [1], 'locally_connected_dim': 1, 'dropout_rate': 0.6815589546437911, 'l2_factor': 2.5917390062521434e-06, 'max_num_epochs': 1000}	0.22437812
{'conv_num_filters': 91, 'conv_filter_width': [1, 2, 3], 'pool_window_width': 3, 'fully_connected_dim': [31, 26], 'pool_strategy': 'max-and-avg', 'locally_connected_width': [1, 2], 'locally_connected_dim': 3, 'dropout_rate': 0.3647130963127382, 'l2_factor': 6.0901856245475644e-05, 'max_num_epochs': 1000}	0.25339642
{'conv_num_filters': 35, 'conv_filter_width': [1], 'pool_window_width': 3, 'fully_connected_dim': [14, 17], 'pool_strategy': 'avg', 'locally_connected_width': [2], 'locally_connected_dim': 3, 'dropout_rate': 0.059353852469684304, 'l2_factor': 0.0001476542535074061, 'max_num_epochs': 1000}	0.27757752
{'conv_num_filters': 46, 'conv_filter_width': [4], 'pool_window_width': 4, 'fully_connected_dim': [23], 'pool_strategy': 'avg', 'locally_connected_width': [1, 2], 'locally_connected_dim': 3, 'dropout_rate': 0.6917378190341765, 'l2_factor': 1.8045974686167596e-05, 'max_num_epochs': 1000}	0.26571158
{'conv_num_filters': 99, 'conv_filter_width': [4], 'pool_window_width': 3, 'fully_connected_dim': [37], 'pool_strategy': 'max-and-avg', 'locally_connected_width': None, 'locally_connected_dim': 2, 'dropout_rate': 0.7445256552486135, 'l2_factor': 1.4851706091836939e-05, 'max_num_epochs': 1000}	0.31528392
{'conv_num_filters': 97, 'conv_filter_width': [1, 2, 3, 4], 'pool_window_width': 3, 'fully_connected_dim': [20, 18], 'pool_strategy': 'max', 'locally_connected_width': None, 'locally_connected_dim': 4, 'dropout_rate': 0.09256414486104741, 'l2_factor': 1.939564892584962e-08, 'max_num_epochs': 1000}	0.41833332
{'conv_num_filters': 8, 'conv_filter_width': [1, 2], 'pool_window_width': 1, 'fully_connected_dim': [18], 'pool_strategy': 'avg', 'locally_connected_width': [1, 2], 'locally_connected_dim': 4, 'dropout_rate': 0.14426193793238473, 'l2_factor': 0.049709961244735805, 'max_num_epochs': 1000}	0.15672942
{'conv_num_filters': 60, 'conv_filter_width': [4], 'pool_window_width': 2, 'fully_connected_dim': [42, 44], 'pool_strategy': 'max-and-avg', 'locally_connected_width': [1], 'locally_connected_dim': 4, 'dropout_rate': 0.3149951640076806, 'l2_factor': 4.401142301540535e-05, 'max_num_epochs': 1000}	0.27886984
{'conv_num_filters': 84, 'conv_filter_width': [1, 2, 3, 4], 'pool_window_width': 3, 'fully_connected_dim': [34, 48], 'pool_strategy': 'max-and-avg', 'locally_connected_width': [1], 'locally_connected_dim': 4, 'dropout_rate': 0.20731728442517977, 'l2_factor': 1.9636541593094798e-06, 'max_num_epochs': 1000}	0.25495622
{'conv_num_filters': 68, 'conv_filter_width': [1, 2, 4], 'pool_window_width': 2, 'fully_connected_dim': [14, 38], 'pool_strategy': 'max', 'locally_connected_width': None, 'locally_connected_dim': 2, 'dropout_rate': 0.10583659261892206, 'l2_factor': 1.8481637118733123e-06, 'max_num_epochs': 1000}	0.40821043
{'conv_num_filters': 61, 'conv_filter_width': [4], 'pool_window_width': 1, 'fully_connected_dim': [49, 42], 'pool_strategy': 'avg', 'locally_connected_width': None, 'locally_connected_dim': 4, 'dropout_rate': 0.3528732571141568, 'l2_factor': 2.903753554360834e-07, 'max_num_epochs': 1000}	0.28944564
{'conv_num_filters': 80, 'conv_filter_width': [1, 2, 3], 'pool_window_width': 2, 'fully_connected_dim': [44], 'pool_strategy': 'avg', 'locally_connected_width': [1], 'locally_connected_dim': 2, 'dropout_rate': 0.16815867615269367, 'l2_factor': 6.394803069189395e-06, 'max_num_epochs': 1000}	0.21780609
{'conv_num_filters': 82, 'conv_filter_width': [1, 2], 'pool_window_width': 3, 'fully_connected_dim': [26, 25], 'pool_strategy': 'max', 'locally_connected_width': [1], 'locally_connected_dim': 3, 'dropout_rate': 0.08864447201027884, 'l2_factor': 1.5903207458547384e-06, 'max_num_epochs': 1000}	0.20828228
{'conv_num_filters': 5, 'conv_filter_width': [1, 2, 4], 'pool_window_width': 3, 'fully_connected_dim': [27, 10], 'pool_strategy': 'avg', 'locally_connected_width': None, 'locally_connected_dim': 3, 'dropout_rate': 0.182168681223653, 'l2_factor': 0.010458479740296988, 'max_num_epochs': 1000}	0.2991806
{'conv_num_filters': 15, 'conv_filter_width': [3], 'pool_window_width': 2, 'fully_connected_dim': [46, 19], 'pool_strategy': 'avg', 'locally_connected_width': [2], 'locally_connected_dim': 1, 'dropout_rate': 0.3173204796232621, 'l2_factor': 0.0046413932795352055, 'max_num_epochs': 1000}	0.33123067
{'conv_num_filters': 60, 'conv_filter_width': [4], 'pool_window_width': 4, 'fully_connected_dim': [15, 20], 'pool_strategy': 'avg', 'locally_connected_width': None, 'locally_connected_dim': 1, 'dropout_rate': 0.28657548191185467, 'l2_factor': 1.0300145516416673e-06, 'max_num_epochs': 1000}	0.4221604
{'conv_num_filters': 51, 'conv_filter_width': [1, 2, 3], 'pool_window_width': 4, 'fully_connected_dim': [10, 24], 'pool_strategy': 'max-and-avg', 'locally_connected_width': [1, 2], 'locally_connected_dim': 4, 'dropout_rate': 0.7356710639319368, 'l2_factor': 4.5322283313214443e-07, 'max_num_epochs': 1000}	0.38079107
{'conv_num_filters': 83, 'conv_filter_width': [1, 2, 3], 'pool_window_width': 2, 'fully_connected_dim': [10], 'pool_strategy': 'avg', 'locally_connected_width': [1], 'locally_connected_dim': 3, 'dropout_rate': 0.053013901328572755, 'l2_factor': 0.004809589410529125, 'max_num_epochs': 1000}	0.17905794
{'conv_num_filters': 76, 'conv_filter_width': [2], 'pool_window_width': 4, 'fully_connected_dim': [12], 'pool_strategy': 'max', 'locally_connected_width': [1], 'locally_connected_dim': 2, 'dropout_rate': 0.5851684347685228, 'l2_factor': 7.969533779545945e-08, 'max_num_epochs': 1000}	0.21923423
{'conv_num_filters': 55, 'conv_filter_width': [1], 'pool_window_width': 3, 'fully_connected_dim': [25, 24], 'pool_strategy': 'avg', 'locally_connected_width': [1], 'locally_connected_dim': 1, 'dropout_rate': 0.4424634737245528, 'l2_factor': 2.2300879394533947e-06, 'max_num_epochs': 1000}	0.27612215
{'conv_num_filters': 39, 'conv_filter_width': [1, 2, 3, 4], 'pool_window_width': 3, 'fully_connected_dim': [15], 'pool_strategy': 'avg', 'locally_connected_width': [1], 'locally_connected_dim': 3, 'dropout_rate': 0.1871120094851941, 'l2_factor': 1.2727559025220876e-05, 'max_num_epochs': 1000}	0.30566472
{'conv_num_filters': 49, 'conv_filter_width': [4], 'pool_window_width': 3, 'fully_connected_dim': [22], 'pool_strategy': 'max', 'locally_connected_width': None, 'locally_connected_dim': 3, 'dropout_rate': 0.48380879931406984, 'l2_factor': 0.01781567055203583, 'max_num_epochs': 1000}	0.30837706
{'conv_num_filters': 78, 'conv_filter_width': [1], 'pool_window_width': 3, 'fully_connected_dim': [30], 'pool_strategy': 'max', 'locally_connected_width': [1, 2], 'locally_connected_dim': 2, 'dropout_rate': 0.49475060403953897, 'l2_factor': 6.982961595971921e-08, 'max_num_epochs': 1000}	0.28363106
{'conv_num_filters': 93, 'conv_filter_width': [3], 'pool_window_width': 2, 'fully_connected_dim': [33], 'pool_strategy': 'avg', 'locally_connected_width': [1], 'locally_connected_dim': 2, 'dropout_rate': 0.5172295493096684, 'l2_factor': 0.009859148451444196, 'max_num_epochs': 1000}	0.1929553
{'conv_num_filters': 11, 'conv_filter_width': [1, 2, 3, 4], 'pool_window_width': 4, 'fully_connected_dim': [11], 'pool_strategy': 'max-and-avg', 'locally_connected_width': [1, 2], 'locally_connected_dim': 4, 'dropout_rate': 0.6469625208789165, 'l2_factor': 0.00011821360570442458, 'max_num_epochs': 1000}	0.29816753
{'conv_num_filters': 53, 'conv_filter_width': [1, 2], 'pool_window_width': 4, 'fully_connected_dim': [18, 44], 'pool_strategy': 'avg', 'locally_connected_width': [1, 2], 'locally_connected_dim': 2, 'dropout_rate': 0.7340046038687602, 'l2_factor': 0.00022784019172558762, 'max_num_epochs': 1000}	0.34763023
{'conv_num_filters': 6, 'conv_filter_width': [4], 'pool_window_width': 1, 'fully_connected_dim': [35], 'pool_strategy': 'avg', 'locally_connected_width': [1, 2], 'locally_connected_dim': 1, 'dropout_rate': 0.07871525124744602, 'l2_factor': 1.632092874046387e-08, 'max_num_epochs': 1000}	0.22961825
{'conv_num_filters': 12, 'conv_filter_width': [1, 2], 'pool_window_width': 1, 'fully_connected_dim': [27], 'pool_strategy': 'max-and-avg', 'locally_connected_width': None, 'locally_connected_dim': 4, 'dropout_rate': 0.017527546114661924, 'l2_factor': 0.001884867270443321, 'max_num_epochs': 1000}	0.21518184
{'conv_num_filters': 96, 'conv_filter_width': [2], 'pool_window_width': 1, 'fully_connected_dim': [16, 18], 'pool_strategy': 'avg', 'locally_connected_width': [2], 'locally_connected_dim': 4, 'dropout_rate': 0.4598342515252592, 'l2_factor': 4.583188253052123e-09, 'max_num_epochs': 1000}	0.13191195
{'conv_num_filters': 59, 'conv_filter_width': [2], 'pool_window_width': 2, 'fully_connected_dim': [16], 'pool_strategy': 'max-and-avg', 'locally_connected_width': [1, 2], 'locally_connected_dim': 2, 'dropout_rate': 0.55470897188066, 'l2_factor': 2.261014467195067e-06, 'max_num_epochs': 1000}	0.18783355
{'conv_num_filters': 27, 'conv_filter_width': [1, 2, 3], 'pool_window_width': 4, 'fully_connected_dim': [47, 35], 'pool_strategy': 'avg', 'locally_connected_width': [1, 2], 'locally_connected_dim': 1, 'dropout_rate': 0.03981944658939382, 'l2_factor': 6.3754550984917456e-06, 'max_num_epochs': 1000}	0.30965808
{'conv_num_filters': 50, 'conv_filter_width': [1, 2, 3], 'pool_window_width': 3, 'fully_connected_dim': [42, 15], 'pool_strategy': 'avg', 'locally_connected_width': [1, 2], 'locally_connected_dim': 4, 'dropout_rate': 0.05604858376107086, 'l2_factor': 4.545832315628648e-05, 'max_num_epochs': 1000}	0.21970193
{'conv_num_filters': 17, 'conv_filter_width': [1, 2, 3], 'pool_window_width': 3, 'fully_connected_dim': [42], 'pool_strategy': 'avg', 'locally_connected_width': [1], 'locally_connected_dim': 2, 'dropout_rate': 0.6720326186812515, 'l2_factor': 2.117141538567273e-06, 'max_num_epochs': 1000}	0.27870926
{'conv_num_filters': 85, 'conv_filter_width': [1, 2, 4], 'pool_window_width': 3, 'fully_connected_dim': [22, 31], 'pool_strategy': 'avg', 'locally_connected_width': [1], 'locally_connected_dim': 3, 'dropout_rate': 0.730480235480517, 'l2_factor': 4.458626975637637e-08, 'max_num_epochs': 1000}	0.30820185
{'conv_num_filters': 34, 'conv_filter_width': [4], 'pool_window_width': 1, 'fully_connected_dim': [17, 16], 'pool_strategy': 'max', 'locally_connected_width': [1, 2], 'locally_connected_dim': 3, 'dropout_rate': 0.6989268594657471, 'l2_factor': 2.5634220222824655e-06, 'max_num_epochs': 1000}	0.217382
{'conv_num_filters': 69, 'conv_filter_width': [4], 'pool_window_width': 3, 'fully_connected_dim': [15], 'pool_strategy': 'avg', 'locally_connected_width': [2], 'locally_connected_dim': 1, 'dropout_rate': 0.1903791617603904, 'l2_factor': 2.0809125782672682e-05, 'max_num_epochs': 1000}	0.3187926
{'conv_num_filters': 64, 'conv_filter_width': [1, 2, 3], 'pool_window_width': 3, 'fully_connected_dim': [43], 'pool_strategy': 'avg', 'locally_connected_width': [2], 'locally_connected_dim': 1, 'dropout_rate': 0.02172463963342386, 'l2_factor': 5.6688899185846316e-05, 'max_num_epochs': 1000}	0.24652277
