crRNA	pos	spacer_seq	guide_type	block
block10_guide0	355	ucucuagaggugcgcuuguuuucagagc	exp	10.0
block10_guide13	368	uggagauuauuugucucuagaggugcgc	exp	10.0
block10_guide23	378	cuacuagucauggagauuauuugucucu	exp	10.0
block10_guide4	359	uuugucucuagaggugcgcuuguuuuca	exp	10.0
block11_guide0	385	ucuccaucuacuagucauggagauuauu	exp	11.0
block11_guide13	398	guugaaaagugcuucuccaucuacuagu	exp	11.0
block11_guide23	408	uuggcgagcuguugaaaagugcuucucc	exp	11.0
block11_guide4	389	ugcuucuccaucuacuagucauggagau	exp	11.0
block12_guide0	415	acuggcuuuggcgagcuguugaaaagug	exp	12.0
block12_guide13	428	cggugccagaucaacuggcuuuggcgag	exp	12.0
block12_guide23	438	gugagcuuggcggugccagaucaacugg	exp	12.0
block12_guide4	419	aucaacuggcuuuggcgagcuguugaaa	exp	12.0
block13_guide0	445	cgggugggugagcuuggcggugccagau	exp	13.0
block13_guide13	458	cucccaagucauucgggugggugagcuu	exp	13.0
block13_guide23	468	uccaucuaugcucccaagucauucgggu	exp	13.0
block13_guide4	449	cauucgggugggugagcuuggcggugcc	exp	13.0
block14_guide0	475	uuccgauuccaucuaugcucccaaguca	exp	14.0
block14_guide13	488	uguuaugcacauuuuccgauuccaucua	exp	14.0
block14_guide23	498	ccccuccucuuguuaugcacauuuuccg	exp	14.0
block14_guide4	479	cauuuuccgauuccaucuaugcucccaa	exp	14.0
block15_guide0	505	auccacuccccuccucuuguuaugcaca	exp	15.0
block15_guide13	518	uauaugucuuuuuauccacuccccuccu	exp	15.0
block15_guide23	528	aucuaggauguauaugucuuuuuaucca	exp	15.0
block15_guide4	509	uuuuauccacuccccuccucuuguuaug	exp	15.0
block16_guide0	535	gcauauaaucuaggauguauaugucuuu	exp	16.0
block17_guide0	595	uauuaugcagcucugaguaggccagugg	exp	17.0
block17_guide13	608	uggcgacaaugcauauuaugcagcucug	exp	17.0
block17_guide23	618	agcccuuugauggcgacaaugcauauua	exp	17.0
block17_guide4	599	ugcauauuaugcagcucugaguaggcca	exp	17.0
block18_guide0	625	uguggcgagcccuuugauggcgacaaug	exp	18.0
block18_guide13	638	auggaucuucauguguggcgagcccuuu	exp	18.0
block18_guide23	648	ucggacacuaauggaucuucaugugugg	exp	18.0
block18_guide4	629	cauguguggcgagcccuuugauggcgac	exp	18.0
block19_guide0	655	uuagauuucggacacuaauggaucuuca	exp	19.0
block19_guide13	668	uccccuuuuuccuuuagauuucggacac	exp	19.0
block19_guide23	678	uuuguguaguuccccuuuuuccuuuaga	exp	19.0
block19_guide4	659	uccuuuagauuucggacacuaauggauc	exp	19.0
block1_guide0	55	ucauuaaagccucaguacucuguuauuu	exp	1.0
block1_guide13	68	gccauccagaugaucauuaaagccucag	exp	1.0
block1_guide23	78	agagucucaugccauccagaugaucauu	exp	1.0
block1_guide4	59	augaucauuaaagccucaguacucuguu	exp	1.0
block20_guide0	685	uguccaauuuguguaguuccccuuuuuc	exp	20.0
block20_guide13	698	cagggccugaacauguccaauuugugua	exp	20.0
block20_guide23	708	ucuguuauagcagggccugaacaugucc	exp	20.0
block20_guide4	689	aacauguccaauuuguguaguuccccuu	exp	20.0
block21_guide0	715	cugccuuucuguuauagcagggccugaa	exp	21.0
block21_guide13	728	acccacucuuccucugccuuucuguuau	exp	21.0
block21_guide23	738	cuaucauaugacccacucuuccucugcc	exp	21.0
block21_guide4	719	uccucugccuuucuguuauagcagggcc	exp	21.0
block22_guide0	745	caacucucuaucauaugacccacucuuc	exp	22.0
block22_guide13	758	guugcagcaucaacaacucucuaucaua	exp	22.0
block22_guide23	768	uucccuacuuguugcagcaucaacaacu	exp	22.0
block22_guide4	749	ucaacaacucucuaucauaugacccacu	exp	22.0
block23_guide0	775	uugauauuucccuacuuguugcagcauc	exp	23.0
block23_guide13	788	ccagcuuaaaaguuugauauuucccuac	exp	23.0
block23_guide23	798	ucuggugacaccagcuuaaaaguuugau	exp	23.0
block23_guide4	779	aaguuugauauuucccuacuuguugcag	exp	23.0
block24_guide0	805	uggggauucuggugacaccagcuuaaaa	exp	24.0
block2_guide0	85	uuacauaagagucucaugccauccagau	exp	2.0
block2_guide13	98	agaucacuuacaauuacauaagagucuc	exp	2.0
block2_guide23	108	uuuuuucaagagaucacuuacaauuaca	exp	2.0
block2_guide4	89	acaauuacauaagagucucaugccaucc	exp	2.0
block3_guide0	115	ucauucauuuuuucaagagaucacuuac	exp	3.0
block3_guide13	128	cauggguuuccauucauucauuuuuuca	exp	3.0
block3_guide23	138	cucuuucccucauggguuuccauucauu	exp	3.0
block3_guide4	119	ccauucauucauuuuuucaagagaucac	exp	3.0
block4_guide0	145	agcucuucucuuucccucauggguuucc	exp	4.0
block4_guide13	158	uuuagaaggguuuagcucuucucuuucc	exp	4.0
block4_guide23	168	gauuuuaauguuuagaaggguuuagcuc	exp	4.0
block4_guide4	149	guuuagcucuucucuuucccucaugggu	exp	4.0
block5_guide0	175	ggaaacagauuuuaauguuuagaagggu	exp	5.0
block5_guide13	188	gucaucagacagaggaaacagauuuuaa	exp	5.0
block5_guide23	198	ccacacauaagucaucagacagaggaaa	exp	5.0
block5_guide4	179	cagaggaaacagauuuuaauguuuagaa	exp	5.0
block6_guide0	205	aaaaccuccacacauaagucaucagaca	exp	6.0
block6_guide13	218	aaugucaggucauaaaaccuccacacau	exp	6.0
block6_guide23	228	cccccauucaaaugucaggucauaaaac	exp	6.0
block6_guide4	209	ucauaaaaccuccacacauaagucauca	exp	6.0
block7_guide0	235	uguugcacccccauucaaaugucagguc	exp	7.0
block7_guide13	248	ccuugaauguugauguugcacccccauu	exp	7.0
block7_guide23	258	ugcuuccauuccuugaauguugauguug	exp	7.0
block7_guide4	239	uugauguugcacccccauucaaauguca	exp	7.0
block8_guide0	265	cucucggugcuuccauuccuugaauguu	exp	8.0
block9_guide0	325	uugagcucaggcuccuucucugcuuuac	exp	9.0
block9_guide13	338	guuuucagagcuuuugagcucaggcucc	exp	9.0
block9_guide23	348	aggugcgcuuguuuucagagcuuuugag	exp	9.0
block9_guide4	329	gcuuuugagcucaggcuccuucucugcu	exp	9.0
control1	25	agccacuauuuaaagaagucgcuagagc	pos	
control2	295	uucuuuugcacacaugaagaucuucaua	pos	
control3	565	gucugauggcuuucauuugacucgcaag	pos	
control4	835	gcuuuuugcgccuuuuuccaucucgagg	pos	
neg_control1	288	acaucucuuuuguuugucuucauguagg	neg	
neg_control2	498	cuggcuuauuuccuaacauagauacauc	neg	
neg_control3	239	augucagguguucccccucugugcaccc	neg	
